run_id,scenario_id,role,seed_class,seed_index,master_seed,controller_mode_configured,run_status,all_integrity_gates_pass,E_idle_kwh,E_power_null_kwh,absolute_reduction_kwh,relative_reduction,offline_residency_s,a1_continuous_control_kwh,rounds_executed,rounds_accepted,accepted_blocks_per_closed_round,zero_block_indicator,median_round_duration,mean_round_duration,p90_round_duration,p95_round_duration,max_round_duration,unclosed_final_tail_s,total_duration_below_floor,floor_unattainable_count,security_floor_observation_count,breach_count,maximum_hash_rate_deficit,floor_deficit_area_hash_s,maximum_floor_deficit_hash,activation_requests_seated,activation_requests_completed,activation_requests_cancelled,incomplete_activation_request_count,activations_per_closed_round,nonterminal_activation_request_count,reserve_standby_energy_kwh,reserve_wake_energy_kwh,reserve_active_energy_kwh,controller_mode,breach_episode_count,breach_episode_recovered_count,episode_unattainable_count,episode_round_closed_count,episode_closed_with_live_activation_count,total_episode_recovery_time_s,mean_episode_recovery_time_s,activation_batches_seated,predictive_batches_seated,reactive_batches_seated,duplicate_activation_batch_prevented_count,max_activation_batches_per_episode,mean_activation_batches_per_episode,activation_batch_terminal_count,prediction_decision_count,resolved_prediction_count,unresolved_prediction_count,mean_absolute_prediction_error,false_positive_wake_count,late_wake_count,requested_reserve_hash_rate_total,completed_reserve_hash_rate_total,cancelled_reserve_hash_rate_total,excess_activation_hash_rate_total,under_activation_hash_rate_total,maximum_H_pipeline,time_weighted_H_pipeline,duration_pipeline_above_target_while_H_effective_below_target,controller_suffix_reassignment_count,controller_suffix_reassignment_skipped_in_flight,maximum_energy_identity_residual_j,maximum_residency_partition_residual_s,duplicate_nonce_count,post_round_evaluation_record_count,post_round_evaluation_nonce_count,evaluation_missing_terminal_time_count,physical_frontier_rewind_count,work_reward_union_residual,nonterminal_lease_count,nonterminal_reassignment_request_count,adversarial_action_total,nonterminal_episode_count,live_batch_after_close_count,evaluation_ledger_entries,residency_PRIMARY_ACTIVE_HASHING_s,energy_PRIMARY_ACTIVE_HASHING_kwh,power_null_difference_PRIMARY_ACTIVE_HASHING_kwh,residency_PRIMARY_LOW_POWER_LISTEN_s,energy_PRIMARY_LOW_POWER_LISTEN_kwh,power_null_difference_PRIMARY_LOW_POWER_LISTEN_kwh,residency_RESERVE_STANDBY_s,energy_RESERVE_STANDBY_kwh,power_null_difference_RESERVE_STANDBY_kwh,residency_RESERVE_WAKING_s,energy_RESERVE_WAKING_kwh,power_null_difference_RESERVE_WAKING_kwh,residency_ACTIVATED_RESERVE_HASHING_s,energy_ACTIVATED_RESERVE_HASHING_kwh,power_null_difference_ACTIVATED_RESERVE_HASHING_kwh,residency_OFFLINE_s,energy_OFFLINE_kwh,power_null_difference_OFFLINE_kwh,residency_COORDINATION_AND_VERIFICATION_s,energy_COORDINATION_AND_VERIFICATION_kwh,power_null_difference_COORDINATION_AND_VERIFICATION_kwh,range_idle_energy_difference_kwh,reserve_standby_energy_difference_kwh,wake_energy_difference_kwh,activated_reserve_energy_kwh,total_low_power_state_difference_kwh,wall_clock_seconds,peak_rss_mb,config_sha256,engine_sha256,record_sha256
8r-R00_NO_FLOOR-s00,R00_NO_FLOOR,CONFIRMATORY_CONTROL,CONFIRMATORY_8R,0,13924826592069036996,LEGACY_REACTIVE,COMPLETED,True,0.016541944722221754,0.035833333333333335,0.01929138861111158,0.5383643333333464,0.0,0.035833333333333335,229,187,0.8165938864628821,0,1.160000000000025,1.3100436681222707,2.0000000000000284,2.0000000000000284,2.000000000000057,0.0,0.0,0,0,0,0.0,0.0,0.0,0,0,0,0,0.0,0,0.0007166666666666667,0.0,0.0,LEGACY_REACTIVE,0,0,0,0,0,0.0,0.0,0,0,0,0,0,0.0,0,0,0,0,0.0,0,0,0.0,0.0,0.0,0.0,0.0,0.0,0.0,0.0,0,0,0.0,0.0,0,0,0,0,0,0.0,0,0,0,0,0,5798,782.4599999999125,0.004673024999999479,0.0,353.54000000008745,0.00021114194444449668,0.0019002775000004702,1200.0,0.0007166666666666667,0.00645,0.0,0.0,0.0,0.0,0.0,0.0,0.0,0.0,0.0,3664.0,0.010941111111111112,0.010941111111111112,0.0019002775000004702,0.00645,0.0,0.0,0.019291388611111585,1.1578941345214844,53.33203125,7326299b076adaa95ae091377d33e5a34184047d15fce4edc9e72e535fab5efd,6b7ea6ed33dd5b004979df72b31a2e436bd555a5ec60d2c8ff5abe464d4f19e5,2e84b16c931e5a453b59430222c4a1f11feae3b033ae3d40f38c001c4e648e7d
8r-R00_NO_FLOOR-s01,R00_NO_FLOOR,CONFIRMATORY_CONTROL,CONFIRMATORY_8R,1,17681907209526999834,LEGACY_REACTIVE,COMPLETED,True,0.01646657925925906,0.03583333333333334,0.01936675407407428,0.5404675555555613,0.0,0.035833333333333335,223,173,0.7757847533632287,0,1.1700000000000053,1.345291479820628,2.0000000000000284,2.0000000000000284,2.000000000000057,0.0,0.0,0,0,0,0.0,0.0,0.0,0,0,0,0,0.0,0,0.0007166666666666667,0.0,0.0,LEGACY_REACTIVE,0,0,0,0,0,0.0,0.0,0,0,0,0,0,0.0,0,0,0,0,0.0,0,0,0.0,0.0,0.0,0.0,0.0,0.0,0.0,0.0,0,0,0.0,0.0,0,0,0,0,0,0.0,0,0,0,0,0,6043,814.0266666666702,0.00486154814814817,0.0,424.54666666675354,0.0002535487037037556,0.0022819383333338,1200.0,0.0007166666666666667,0.00645,0.0,0.0,0.0,0.0,0.0,0.0,0.0,0.0,0.0,3561.426666666577,0.010634815740740471,0.010634815740740471,0.0022819383333338,0.00645,0.0,0.0,0.01936675407407427,1.1675128936767578,54.00390625,f0030705b11785d637973ae3ee9038effac14e5badb6324ee6654436ad028bb0,6b7ea6ed33dd5b004979df72b31a2e436bd555a5ec60d2c8ff5abe464d4f19e5,76abe3988a24683fe158485f870d69fa793ece257117a70e63197b340cdd60bc
8r-R00_NO_FLOOR-s02,R00_NO_FLOOR,CONFIRMATORY_CONTROL,CONFIRMATORY_8R,2,8412112409846639680,LEGACY_REACTIVE,COMPLETED,True,0.016546352222222022,0.035833333333333335,0.019286981111111313,0.5382413333333389,0.0,0.035833333333333335,220,171,0.7772727272727272,0,1.1862500000000438,1.3636363636363635,2.0000000000000284,2.0000000000000284,2.000000000000057,0.0,0.0,0,0,0,0.0,0.0,0.0,0,0,0,0,0.0,0,0.0007166666666666667,0.0,0.0,LEGACY_REACTIVE,0,0,0,0,0,0.0,0.0,0,0,0,0,0,0.0,0,0,0,0,0.0,0,0,0.0,0.0,0.0,0.0,0.0,0.0,0.0,0.0,0,0,0.0,0.0,0,0,0,0,0,0.0,0,0,0,0,0,6384,847.8666666666659,0.0050636481481481435,0.0,433.45333333341824,0.0002588679629630136,0.0023298116666671236,1200.0,0.0007166666666666667,0.00645,0.0,0.0,0.0,0.0,0.0,0.0,0.0,0.0,0.0,3518.679999999915,0.010507169444444197,0.010507169444444197,0.0023298116666671236,0.00645,0.0,0.0,0.01928698111111132,1.3270885944366455,63.30078125,9fe36e80441aa869a07ab891a61a9fba93dc4e518492efac60c5ac14a781737c,6b7ea6ed33dd5b004979df72b31a2e436bd555a5ec60d2c8ff5abe464d4f19e5,190232db3fa32403167918e1aa3273bce0dc9966a9e3ad733612fd556aa729b4
8r-R00_NO_FLOOR-s03,R00_NO_FLOOR,CONFIRMATORY_CONTROL,CONFIRMATORY_8R,3,15613344438755044190,LEGACY_REACTIVE,COMPLETED,True,0.016580007685184976,0.03583333333333333,0.019253325648148353,0.5373021111111169,0.0,0.035833333333333335,221,175,0.7918552036199095,0,1.1933333333333849,1.3574660633484164,2.0000000000000284,2.0000000000000284,2.000000000000057,0.0,0.0,0,0,0,0.0,0.0,0.0,0,0,0,0,0.0,0,0.0007166666666666667,0.0,0.0,LEGACY_REACTIVE,0,0,0,0,0,0.0,0.0,0,0,0,0,0,0.0,0,0,0,0,0.0,0,0,0.0,0.0,0.0,0.0,0.0,0.0,0.0,0.0,0,0,0.0,0.0,0,0,0,0,0,0.0,0,0,0,0,0,6384,848.0600000000011,0.005064802777777783,0.0,419.6066666667547,0.00025059842592597845,0.0022553858333338064,1200.0,0.0007166666666666667,0.00645,0.0,0.0,0.0,0.0,0.0,0.0,0.0,0.0,0.0,3532.333333333243,0.010547939814814547,0.010547939814814547,0.0022553858333338064,0.00645,0.0,0.0,0.019253325648148353,1.2272369861602783,63.2890625,9b0ed65c499ffcc13d023965e4375c54155e26cde857cd7b4c7dd821b5aeb7b3,6b7ea6ed33dd5b004979df72b31a2e436bd555a5ec60d2c8ff5abe464d4f19e5,cf7ef54f8071bbae8a07ea287d90c2b437e2597a115ce65dbee0a6fed3b573db
8r-R00_NO_FLOOR-s04,R00_NO_FLOOR,CONFIRMATORY_CONTROL,CONFIRMATORY_8R,4,5340676209599987018,LEGACY_REACTIVE,COMPLETED,True,0.016548271296296085,0.03583333333333333,0.019285062037037243,0.5381877777777836,0.0,0.035833333333333335,230,194,0.8434782608695652,0,1.1512500000000259,1.3043478260869565,2.000000000000014,2.0000000000000284,2.000000000000057,0.0,0.0,0,0,0,0.0,0.0,0.0,0,0,0,0,0.0,0,0.0007166666666666667,0.0,0.0,LEGACY_REACTIVE,0,0,0,0,0,0.0,0.0,0,0,0,0,0,0.0,0,0,0,0,0.0,0,0,0.0,0.0,0.0,0.0,0.0,0.0,0.0,0.0,0,0,0.0,0.0,0,0,0,0,0,0.0,0,0,0,0,0,5817,779.9866666666663,0.004658253703703701,0.0,347.8000000000905,0.00020771388888894294,0.001869425000000487,1200.0,0.0007166666666666667,0.00645,0.0,0.0,0.0,0.0,0.0,0.0,0.0,0.0,0.0,3672.213333333244,0.010965637037036766,0.010965637037036766,0.001869425000000487,0.00645,0.0,0.0,0.019285062037037254,1.22477388381958,53.578125,dabf4a0428ef5c0b581009ba76d59c8e77d048ffbd2641c6263e3a0b5d27d5e6,6b7ea6ed33dd5b004979df72b31a2e436bd555a5ec60d2c8ff5abe464d4f19e5,9ba27c1d69c61a9c0fd7007d985018717fa0f0a3d3a6cf6ed0a70fc7a247a3e9
8r-R00_NO_FLOOR-s05,R00_NO_FLOOR,CONFIRMATORY_CONTROL,CONFIRMATORY_8R,5,17745484942575847023,LEGACY_REACTIVE,COMPLETED,True,0.01654596203703684,0.03583333333333334,0.019287371296296502,0.5382522222222278,0.0,0.035833333333333335,222,173,0.7792792792792793,0,1.1737500000000214,1.3513513513513513,2.0000000000000284,2.0000000000000284,2.000000000000057,0.0,0.0,0,0,0,0.0,0.0,0.0,0,0,0,0,0.0,0,0.0007166666666666667,0.0,0.0,LEGACY_REACTIVE,0,0,0,0,0,0.0,0.0,0,0,0,0,0,0.0,0,0,0,0,0.0,0,0,0.0,0.0,0.0,0.0,0.0,0.0,0.0,0.0,0,0,0.0,0.0,0,0,0,0,0,0.0,0,0,0,0,0,6246,836.386666666668,0.004995087037037045,0.0,419.2666666667541,0.0002503953703704225,0.002253558333333803,1200.0,0.0007166666666666667,0.00645,0.0,0.0,0.0,0.0,0.0,0.0,0.0,0.0,0.0,3544.3466666665777,0.010583812962962699,0.010583812962962699,0.002253558333333803,0.00645,0.0,0.0,0.019287371296296502,1.4171531200408936,54.90625,ae43230e2c9d6c5bee8b7159bb34c13c854bde1c2b11779ff72c54f383c768de,6b7ea6ed33dd5b004979df72b31a2e436bd555a5ec60d2c8ff5abe464d4f19e5,400f37c1e12d3436599a920c305dac3eae25e3803bd352e5e4d34e9521eb16f8
8r-R00_NO_FLOOR-s06,R00_NO_FLOOR,CONFIRMATORY_CONTROL,CONFIRMATORY_8R,6,15880714972592362664,LEGACY_REACTIVE,COMPLETED,True,0.016422333055555356,0.035833333333333335,0.01941100027777798,0.541702333333339,0.0,0.035833333333333335,222,169,0.7612612612612613,0,1.1550000000000153,1.3513513513513513,2.0000000000000284,2.0000000000000284,2.000000000000057,0.0,0.0,0,0,0,0.0,0.0,0.0,0,0,0,0,0.0,0,0.0007166666666666667,0.0,0.0,LEGACY_REACTIVE,0,0,0,0,0,0.0,0.0,0,0,0,0,0,0.0,0,0,0,0,0.0,0,0,0.0,0.0,0.0,0.0,0.0,0.0,0.0,0.0,0,0,0.0,0.0,0,0,0,0,0,0.0,0,0,0,0,0,6028,815.1933333333349,0.00486851574074075,0.0,444.5266666667543,0.000265481203703756,0.002389330833333804,1200.0,0.0007166666666666667,0.00645,0.0,0.0,0.0,0.0,0.0,0.0,0.0,0.0,0.0,3540.279999999911,0.010571669444444178,0.010571669444444178,0.002389330833333804,0.00645,0.0,0.0,0.019411000277777982,1.1555407047271729,54.22265625,0e3959855c22c23731c545923b0cd64a5e1065d80279c2d7d63a105b21e09dd5,6b7ea6ed33dd5b004979df72b31a2e436bd555a5ec60d2c8ff5abe464d4f19e5,c2f823c54261a280bd91fb453ba4e348ea0f545713c81a9a7d59b577adbd6fd9
8r-R00_NO_FLOOR-s07,R00_NO_FLOOR,CONFIRMATORY_CONTROL,CONFIRMATORY_8R,7,4147199012417366876,LEGACY_REACTIVE,COMPLETED,True,0.016462080185184986,0.035833333333333335,0.01937125314814835,0.5405931111111167,0.0,0.035833333333333335,217,162,0.7465437788018433,0,1.1750000000000043,1.3824884792626728,2.0000000000000284,2.0000000000000284,2.000000000000057,0.0,0.0,0,0,0,0.0,0.0,0.0,0,0,0,0,0.0,0,0.0007166666666666667,0.0,0.0,LEGACY_REACTIVE,0,0,0,0,0,0.0,0.0,0,0,0,0,0,0.0,0,0,0,0,0.0,0,0,0.0,0.0,0.0,0.0,0.0,0.0,0.0,0.0,0,0,0.0,0.0,0,0,0,0,0,0.0,0,0,0,0,0,6447,854.6000000000004,0.005103861111111113,0.0,477.1466666667512,0.0002849625925926431,0.002564663333333788,1200.0,0.0007166666666666667,0.00645,0.0,0.0,0.0,0.0,0.0,0.0,0.0,0.0,0.0,3468.253333333247,0.010356589814814559,0.010356589814814559,0.002564663333333788,0.00645,0.0,0.0,0.01937125314814835,1.260094165802002,63.36328125,864023db1c3dc6a355f3b140e2b04dd14100c8176f2c7e4bf02944b53cfac018,6b7ea6ed33dd5b004979df72b31a2e436bd555a5ec60d2c8ff5abe464d4f19e5,b531bc872a6eb2976f8a34dc4c7eefca4e38ecca4af6579afd20b1a2ce638b67
8r-R00_NO_FLOOR-s08,R00_NO_FLOOR,CONFIRMATORY_CONTROL,CONFIRMATORY_8R,8,228495903928811743,LEGACY_REACTIVE,COMPLETED,True,0.016558507685184968,0.03583333333333333,0.01927482564814836,0.5379021111111171,0.0,0.035833333333333335,223,173,0.7757847533632287,0,1.170000000000016,1.345291479820628,2.0000000000000284,2.0000000000000284,2.000000000000057,0.0,0.0,0,0,0,0.0,0.0,0.0,0,0,0,0,0.0,0,0.0007166666666666667,0.0,0.0,LEGACY_REACTIVE,0,0,0,0,0,0.0,0.0,0,0,0,0,0,0.0,0,0,0,0,0.0,0,0,0.0,0.0,0.0,0.0,0.0,0.0,0.0,0.0,0,0,0.0,0.0,0,0,0,0,0,0.0,0,0,0,0,0,6225,830.5133333333329,0.004960010185185184,0.0,406.67333333342043,0.00024287435185190386,0.0021858691666671354,1200.0,0.0007166666666666667,0.00645,0.0,0.0,0.0,0.0,0.0,0.0,0.0,0.0,0.0,3562.813333333246,0.010638956481481223,0.010638956481481223,0.0021858691666671354,0.00645,0.0,0.0,0.019274825648148357,1.1717262268066406,54.81640625,9b7282746688fba4c9168e381abd0f1688783a056e307f8495dfb293f8eeb197,6b7ea6ed33dd5b004979df72b31a2e436bd555a5ec60d2c8ff5abe464d4f19e5,de5befba44641f54d52a9df3751e0dee3f1ca06ce7fbe3ba238a774913e90d46
8r-R00_NO_FLOOR-s09,R00_NO_FLOOR,CONFIRMATORY_CONTROL,CONFIRMATORY_8R,9,7498525808431263349,LEGACY_REACTIVE,COMPLETED,True,0.01648355231481461,0.035833333333333335,0.019349781018518725,0.5399938888888947,0.0,0.035833333333333335,224,177,0.7901785714285714,0,1.1800000000000281,1.3392857142857142,2.0000000000000284,2.0000000000000284,2.000000000000057,0.0,0.0,0,0,0,0.0,0.0,0.0,0,0,0,0,0.0,0,0.0007166666666666667,0.0,0.0,LEGACY_REACTIVE,0,0,0,0,0,0.0,0.0,0,0,0,0,0,0.0,0,0,0,0,0.0,0,0,0.0,0.0,0.0,0.0,0.0,0.0,0.0,0.0,0,0,0.0,0.0,0,0,0,0,0,0.0,0,0,0,0,0,6061,809.3799999999998,0.004833797222222221,0.0,411.63333333342035,0.0002458365740741261,0.0022125291666671345,1200.0,0.0007166666666666667,0.00645,0.0,0.0,0.0,0.0,0.0,0.0,0.0,0.0,0.0,3578.9866666665794,0.010687251851851595,0.010687251851851595,0.0022125291666671345,0.00645,0.0,0.0,0.019349781018518728,1.1948776245117188,54.3359375,e9186507c53582178ef5d80ea23417b868bfcbae82b2ffd045dfa6ce036f46a4,6b7ea6ed33dd5b004979df72b31a2e436bd555a5ec60d2c8ff5abe464d4f19e5,e5b467ce206ffbdbf3662e2f58267274d76d6c59f30d9989eb1bd8a91055529e
8r-R00_NO_FLOOR-s10,R00_NO_FLOOR,CONFIRMATORY_CONTROL,CONFIRMATORY_8R,10,10976349321056788105,LEGACY_REACTIVE,COMPLETED,True,0.01653971111111066,0.03583333333333333,0.019293622222222667,0.5384266666666792,0.0,0.035833333333333335,221,172,0.7782805429864253,0,1.1800000000000352,1.3574660633484164,2.0000000000000284,2.0000000000000284,2.000000000000057,0.0,0.0,0,0,0,0.0,0.0,0.0,0,0,0,0,0.0,0,0.0007166666666666667,0.0,0.0,LEGACY_REACTIVE,0,0,0,0,0,0.0,0.0,0,0,0,0,0,0.0,0,0,0,0,0.0,0,0,0.0,0.0,0.0,0.0,0.0,0.0,0.0,0.0,0,0,0.0,0.0,0,0,0,0,0,0.0,0,0,0,0,0,6255,838.9333333332488,0.005010296296295791,0.0,425.06666666675073,0.0002538592592593095,0.002284733333333785,1200.0,0.0007166666666666667,0.00645,0.0,0.0,0.0,0.0,0.0,0.0,0.0,0.0,0.0,3536.0,0.010558888888888888,0.010558888888888888,0.002284733333333785,0.00645,0.0,0.0,0.019293622222222674,1.1980326175689697,54.8046875,5d596f0b6b07b95114a28393f08386e66cbeb9f4aca9851765e44b192aa67b58,6b7ea6ed33dd5b004979df72b31a2e436bd555a5ec60d2c8ff5abe464d4f19e5,fe18ea233e06f3c23490a1891eb9bd33d4dd53ef21f19f8eb58b1a5e08fe0536
8r-R00_NO_FLOOR-s11,R00_NO_FLOOR,CONFIRMATORY_CONTROL,CONFIRMATORY_8R,11,5449705730174009532,LEGACY_REACTIVE,COMPLETED,True,0.01657163462962942,0.03583333333333333,0.01926169870370391,0.5375357777777836,0.0,0.035833333333333335,224,184,0.8214285714285714,0,1.1750000000000185,1.3392857142857142,2.000000000000014,2.0000000000000284,2.000000000000057,0.0,0.0,0,0,0,0.0,0.0,0.0,0,0,0,0,0.0,0,0.0007166666666666667,0.0,0.0,LEGACY_REACTIVE,0,0,0,0,0,0.0,0.0,0,0,0,0,0,0.0,0,0,0,0,0.0,0,0,0.0,0.0,0.0,0.0,0.0,0.0,0.0,0.0,0,0,0.0,0.0,0,0,0,0,0,0.0,0,0,0,0,0,6120,826.7333333333333,0.004937435185185185,0.0,396.45333333342097,0.00023677074074079314,0.002130936666667138,1200.0,0.0007166666666666667,0.00645,0.0,0.0,0.0,0.0,0.0,0.0,0.0,0.0,0.0,3576.813333333245,0.010680762037036776,0.010680762037036776,0.002130936666667138,0.00645,0.0,0.0,0.019261698703703915,1.2984507083892822,54.55078125,efeb58e76cf24a7a1d8244897ca829e69cf207166530417ea13ced32c472fc13,6b7ea6ed33dd5b004979df72b31a2e436bd555a5ec60d2c8ff5abe464d4f19e5,344fec58d8ae5c9dfaf50183cd379ef7e6a3e997b86db20781c6066aacd51fd3
8r-R01_LEGACY_FLOOR-s00,R01_LEGACY_FLOOR,CONFIRMATORY_BASELINE,CONFIRMATORY_8R,0,13924826592069036996,LEGACY_REACTIVE,COMPLETED,True,0.01507394861111093,0.03583333333333334,0.020759384722222413,0.5793316666666718,0.0,0.035833333333333335,195,160,0.8205128205128205,0,1.160000000000025,1.5384615384615385,3.000000000000014,3.0000000000000284,3.000000000000057,0.0,275.0216666666626,922,4808,277,3200.0,838334.1666666524,3200.0,310,180,126,130,1.5897435897435896,0,0.0005266126388888836,0.0006050159722222239,0.0003739805555555553,LEGACY_REACTIVE,0,0,0,0,0,0.0,0.0,0,0,0,0,0,0.0,0,0,0,0,0.0,0,0,0.0,0.0,0.0,0.0,0.0,0.0,0.0,0.0,0,0,0.0,0.0,0,0,0,0,0,0.0,0,0,0,0,0,5846,603.6799999999974,0.0036053111111110977,0.0,1088.0800000000731,0.0006498255555555992,0.005848430000000394,934.7699999999994,0.0005582654166666663,0.005024388749999998,202.61000000000055,0.0006050159722222239,0.0006050159722222239,62.61999999999996,0.00037398055555555533,0.0,0.0,0.0,0.0,3108.23999999993,0.00928154999999979,0.00928154999999979,0.005848430000000394,0.005024388749999998,0.0006050159722222239,0.00037398055555555533,0.020759384722222406,1.818253993988037,55.80078125,0853be679950fc654db4dd3764b3385edfa5016852c3357bb588c07c5de9f876,6b7ea6ed33dd5b004979df72b31a2e436bd555a5ec60d2c8ff5abe464d4f19e5,48560a1fa4ce136ad34da525564d656fe9c3cbe8768e417b4a731c536a396dd2
8r-R01_LEGACY_FLOOR-s01,R01_LEGACY_FLOOR,CONFIRMATORY_BASELINE,CONFIRMATORY_8R,1,17681907209526999834,LEGACY_REACTIVE,COMPLETED,True,0.014801686944444274,0.03583333333333333,0.021031646388889054,0.5869296666666713,0.0,0.035833333333333335,183,140,0.7650273224043715,0,1.160000000000025,1.639344262295082,3.0000000000000284,3.0000000000000284,3.000000000000057,0.0,275.64166666666273,1059,4742,267,3200.0,835068.333333319,3200.0,322,211,111,111,1.7595628415300546,0,0.0004964748148148094,0.0006870145833333343,0.00045647685185185423,LEGACY_REACTIVE,0,0,0,0,0,0.0,0.0,0,0,0,0,0,0.0,0,0,0,0,0.0,0,0,0.0,0.0,0.0,0.0,0.0,0.0,0.0,0.0,0,0,0.0,0.0,0,0,0,0,0,0.0,0,0,0,0,0,6135,612.8399999999995,0.003660016666666663,0.0,1272.0400000000707,0.0007596905555555978,0.0068372150000003806,893.4966666666659,0.0005336160648148143,0.00480254458333333,230.07000000000033,0.0006870145833333343,0.0006870145833333343,76.43333333333372,0.00045647685185185423,0.0,0.0,0.0,0.0,2915.11999999993,0.00870487222222201,0.00870487222222201,0.0068372150000003806,0.00480254458333333,0.0006870145833333343,0.00045647685185185423,0.021031646388889054,1.5539708137512207,56.21484375,eab988c53bec9b5b930a1fab3f3be0a6ccb60eeb6d5842fadf38ffaddcc882dc,6b7ea6ed33dd5b004979df72b31a2e436bd555a5ec60d2c8ff5abe464d4f19e5,29147162f1b0f61e851d83445ee52d7dc2f193443221498a4f740f7c25b325eb
8r-R01_LEGACY_FLOOR-s02,R01_LEGACY_FLOOR,CONFIRMATORY_BASELINE,CONFIRMATORY_8R,2,8412112409846639680,LEGACY_REACTIVE,COMPLETED,True,0.01496333260416649,0.03583333333333332,0.02087000072916683,0.5824186250000047,0.0,0.035833333333333335,185,146,0.7891891891891892,0,1.170000000000016,1.6216216216216217,3.0000000000000284,3.0000000000000284,3.000000000000057,0.0,273.7399999999961,1027,4724,266,3200.0,831080.9999999863,3200.0,316,200,116,116,1.7081081081081082,0,0.0005065230787036989,0.0006601171875000003,0.00043242372685185255,LEGACY_REACTIVE,0,0,0,0,0,0.0,0.0,0,0,0,0,0,0.0,0,0,0,0,0.0,0,0,0.0,0.0,0.0,0.0,0.0,0.0,0.0,0.0,0,0,0.0,0.0,0,0,0,0,0,0.0,0,0,0,0,0,6294,634.1799999999985,0.00378746388888888,0.0,1212.9800000000707,0.0007244186111111533,0.00651976750000038,906.5316666666663,0.0005414008564814814,0.004872607708333331,221.0625000000001,0.0006601171875000003,0.0006601171875000003,72.40583333333345,0.00043242372685185255,0.0,0.0,0.0,0.0,2952.839999999931,0.00881750833333313,0.00881750833333313,0.00651976750000038,0.004872607708333331,0.0006601171875000003,0.00043242372685185255,0.02087000072916684,1.4641308784484863,56.76171875,280d2d1f407987268289242bf9afd89fdc5aa9f3eadc5cb438aa1ec949f34243,6b7ea6ed33dd5b004979df72b31a2e436bd555a5ec60d2c8ff5abe464d4f19e5,d0784674f24cdc1317472c27c676b177101aa82a7312fc5c379ca7a5e93f00ee
8r-R01_LEGACY_FLOOR-s03,R01_LEGACY_FLOOR,CONFIRMATORY_BASELINE,CONFIRMATORY_8R,3,15613344438755044190,LEGACY_REACTIVE,COMPLETED,True,0.014784572546296145,0.035833333333333356,0.021048760787037213,0.5874072777777823,0.0,0.035833333333333335,177,136,0.768361581920904,0,1.2133333333333525,1.694915254237288,3.0000000000000284,3.0000000000000284,3.000000000000057,0.0,275.3099999999962,1134,4745,267,3200.0,830169.8333333195,3200.0,351,221,130,130,1.9830508474576272,0,0.0004845761574074014,0.0007343145833333353,0.0004763643518518531,LEGACY_REACTIVE,0,0,0,0,0,0.0,0.0,0,0,0,0,0,0.0,0,0,0,0,0.0,0,0,0.0,0.0,0.0,0.0,0.0,0.0,0.0,0.0,0,0,0.0,5.684341886080802e-14,0,0,0,0,0,0.0,0,0,0,0,0,6536,638.1600000000003,0.0038112333333333347,0.0,1334.1866666667356,0.0007968059259259673,0.007171253333333707,874.3266666666658,0.0005221673148148143,0.004699505833333329,245.91000000000065,0.0007343145833333352,0.0007343145833333352,79.76333333333355,0.00047636435185185305,0.0,0.0,0.0,0.0,2827.653333333263,0.008443687037036834,0.008443687037036834,0.007171253333333707,0.004699505833333329,0.0007343145833333352,0.00047636435185185305,0.021048760787037206,1.6319453716278076,57.1484375,56035f52351d60f491feb6866dc8cd88fb4e12389b34cfb1475883b73d2f2f5b,6b7ea6ed33dd5b004979df72b31a2e436bd555a5ec60d2c8ff5abe464d4f19e5,b47a9e31e8a18cb74284435720544dbfe555c0aae084e189fb118d82845de8b8
8r-R01_LEGACY_FLOOR-s04,R01_LEGACY_FLOOR,CONFIRMATORY_BASELINE,CONFIRMATORY_8R,4,5340676209599987018,LEGACY_REACTIVE,COMPLETED,True,0.015257278912036855,0.03583333333333334,0.020576054421296487,0.5742154722222275,0.0,0.035833333333333335,200,168,0.84,0,1.150000000000034,1.5,3.000000000000014,3.0000000000000284,3.000000000000057,0.0,273.4699999999953,853,4799,276,3200.0,836400.6666666507,3200.0,290,166,124,124,1.45,0,0.0005429148148148102,0.0005551728009259272,0.0003461400462962965,LEGACY_REACTIVE,0,0,0,0,0,0.0,0.0,0,0,0,0,0,0.0,0,0,0,0,0.0,0,0,0.0,0.0,0.0,0.0,0.0,0.0,0.0,0.0,0,0,0.0,0.0,0,0,0,0,0,0.0,0,0,0,0,0,5800,612.0666666666675,0.003655398148148154,0.0,994.6400000000795,0.0005940211111111584,0.0053461900000004265,956.1233333333328,0.0005710181018518516,0.0051391629166666645,185.9183333333338,0.0005551728009259273,0.0005551728009259273,57.95833333333337,0.0003461400462962965,0.0,0.0,0.0,0.0,3193.293333333254,0.009535528703703462,0.009535528703703462,0.0053461900000004265,0.0051391629166666645,0.0005551728009259273,0.0003461400462962965,0.02057605442129648,1.4748637676239014,55.74609375,a7a423b6ec44517aee479d181476509cbd859fed51fa1bc93710824a21e0224d,6b7ea6ed33dd5b004979df72b31a2e436bd555a5ec60d2c8ff5abe464d4f19e5,364c80a800c39bd77820c07dbcce9cb906fcd0ab5a56c559f68722f5c851cbcd
8r-R01_LEGACY_FLOOR-s05,R01_LEGACY_FLOOR,CONFIRMATORY_BASELINE,CONFIRMATORY_8R,5,17745484942575847023,LEGACY_REACTIVE,COMPLETED,True,0.014837394861110733,0.03583333333333332,0.020995938472222586,0.585933166666677,0.0,0.035833333333333335,183,141,0.7704918032786885,0,1.1775000000000375,1.639344262295082,3.0000000000000284,3.0000000000000284,3.000000000000057,0.0,274.7300000000005,1020,4696,262,3200.0,833899.3333333333,3200.0,303,210,93,93,1.6557377049180328,0,0.0005004582870370318,0.0006693368055555571,0.0004502060185185188,LEGACY_REACTIVE,0,0,0,0,0,0.0,0.0,0,0,0,0,0,0.0,0,0,0,0,0.0,0,0,0.0,0.0,0.0,0.0,0.0,0.0,0.0,0.0,0,0,0.0,0.0,0,0,0,0,0,0.0,0,0,0,0,0,6100,617.4399999999298,0.00368748888888847,0.0,1254.5600000000697,0.0007492511111111527,0.006743260000000374,900.4666666666662,0.0005377787037037033,0.004840008333333331,224.1500000000005,0.000669336805555557,0.000669336805555557,75.38333333333338,0.00045020601851851873,0.0,0.0,0.0,0.0,2928.0000000000005,0.008743333333333334,0.008743333333333334,0.006743260000000374,0.004840008333333331,0.000669336805555557,0.00045020601851851873,0.020995938472222597,1.388310194015503,56.03125,8d91b2cbc5c00a841c5652af350646786d26fa47a4955a4b5fa2a5a76f5e7212,6b7ea6ed33dd5b004979df72b31a2e436bd555a5ec60d2c8ff5abe464d4f19e5,ec1e23985af352ce296fb62b1e4acc0a179eb3d6edc803d8b2cad73301357b62
8r-R01_LEGACY_FLOOR-s06,R01_LEGACY_FLOOR,CONFIRMATORY_BASELINE,CONFIRMATORY_8R,6,15880714972592362664,LEGACY_REACTIVE,COMPLETED,True,0.014815972499999826,0.035833333333333335,0.02101736083333351,0.5865310000000049,0.0,0.035833333333333335,181,137,0.7569060773480663,0,1.176666666666705,1.6574585635359116,3.0000000000000284,3.0000000000000284,3.000000000000057,0.0,274.86333333332936,1057,4703,264,3200.0,832306.9999999867,3200.0,321,212,109,109,1.7734806629834254,0,0.000494722962962958,0.0006860689814814822,0.0004677842592592597,LEGACY_REACTIVE,0,0,0,0,0,0.0,0.0,0,0,0,0,0,0.0,0,0,0,0,0.0,0,0,0.0,0.0,0.0,0.0,0.0,0.0,0.0,0.0,0,0,0.0,5.684341886080802e-14,0,0,0,0,0,0.0,0,0,0,0,0,6283,624.5066666666644,0.0037296925925925798,0.0,1284.5866666667378,0.0007671837037037463,0.006904653333333717,891.9199999999997,0.0005326744444444443,0.004794069999999998,229.7533333333336,0.0006860689814814822,0.0006860689814814822,78.32666666666672,0.0004677842592592597,0.0,0.0,0.0,0.0,2890.906666666597,0.008632568518518314,0.008632568518518314,0.006904653333333717,0.004794069999999998,0.0006860689814814822,0.0004677842592592597,0.021017360833333516,1.5711743831634521,56.49609375,3e55e55c1eb3369165bdaf09031fe5916ecab813f2db0a45ea71856bd7232cc6,6b7ea6ed33dd5b004979df72b31a2e436bd555a5ec60d2c8ff5abe464d4f19e5,f03f93c70ef9e67e872edcd139679c4641be5f13f12b8b28da2f761fa4450b4e
8r-R01_LEGACY_FLOOR-s07,R01_LEGACY_FLOOR,CONFIRMATORY_BASELINE,CONFIRMATORY_8R,7,4147199012417366876,LEGACY_REACTIVE,COMPLETED,True,0.014833891655092501,0.035833333333333335,0.020999441678240832,0.5860309305555581,0.0,0.035833333333333335,179,133,0.7430167597765364,0,1.1850000000000094,1.675977653631285,3.0000000000000284,3.0000000000000284,3.000000000000057,0.0,274.4424999999963,1085,4711,262,3200.0,829847.1666666552,3200.0,325,201,120,124,1.8156424581005586,0,0.0004917995601851895,0.0006851159143518525,0.00046804803240740867,LEGACY_REACTIVE,0,0,0,0,0,0.0,0.0,0,0,0,0,0,0.0,0,0,0,0,0.0,0,0,0.0,0.0,0.0,0.0,0.0,0.0,0.0,0.0,0,0,0.0,0.0,0,0,0,0,0,0.0,0,0,0,0,0,6413,639.8966666666494,0.0038216050925924897,0.0,1296.1033333333507,0.0007740617129629733,0.006966555416666761,892.1949999999996,0.0005328386805555554,0.004795548124999998,229.43416666666687,0.0006851159143518524,0.0006851159143518524,78.37083333333354,0.0004680480324074086,0.0,0.0,0.0,0.0,2864.0,0.008552222222222221,0.008552222222222221,0.006966555416666761,0.004795548124999998,0.0006851159143518524,0.0004680480324074086,0.020999441678240832,1.459338903427124,56.93359375,3ac7e3a362fa46fd9236d8ef0ff7f535a058cabe8c253af75c6ad42dbcd05753,6b7ea6ed33dd5b004979df72b31a2e436bd555a5ec60d2c8ff5abe464d4f19e5,cfe60ada5f974ad3a69b91d0752de188cd2ba8a61884b6f9913e27c4d7a16a1f
8r-R01_LEGACY_FLOOR-s08,R01_LEGACY_FLOOR,CONFIRMATORY_BASELINE,CONFIRMATORY_8R,8,228495903928811743,LEGACY_REACTIVE,COMPLETED,True,0.014904384282407295,0.03583333333333333,0.020928949050926033,0.5840636944444475,0.0,0.035833333333333335,189,148,0.783068783068783,0,1.15000000000002,1.5873015873015872,3.0000000000000284,3.0000000000000284,3.000000000000057,0.0,275.2999999999959,964,4750,269,3200.0,837767.9999999884,3200.0,304,191,109,113,1.6084656084656084,0,0.000513329421296302,0.0006197175925925936,0.0004289548611111109,LEGACY_REACTIVE,0,0,0,0,0,0.0,0.0,0,0,0,0,0,0.0,0,0,0,0,0.0,0,0,0.0,0.0,0.0,0.0,0.0,0.0,0.0,0.0,0,0,0.0,0.0,0,0,0,0,0,0.0,0,0,0,0,0,5864,598.1799999999803,0.0035724638888887717,0.0,1177.8200000000195,0.0007034202777777893,0.006330782500000106,920.6416666666664,0.0005498276620370369,0.004948448958333332,207.53333333333364,0.0006197175925925936,0.0006197175925925936,71.82499999999996,0.0004289548611111109,0.0,0.0,0.0,0.0,3024.0,0.00903,0.00903,0.006330782500000106,0.004948448958333332,0.0006197175925925936,0.0004289548611111109,0.02092894905092603,1.6826138496398926,55.46484375,a17aec87d0c04510b65c311c87a41f553a1e6eebb3a6c5f0948c0ac764af8171,6b7ea6ed33dd5b004979df72b31a2e436bd555a5ec60d2c8ff5abe464d4f19e5,828b3d34c0e5c62bceb9d1ce9b1a8ba9057f44cb5dfdd607e63245c7bf76e453
8r-R01_LEGACY_FLOOR-s09,R01_LEGACY_FLOOR,CONFIRMATORY_BASELINE,CONFIRMATORY_8R,9,7498525808431263349,LEGACY_REACTIVE,COMPLETED,True,0.015074790694444267,0.035833333333333335,0.020758542638889068,0.5793081666666716,0.0,0.035833333333333335,192,154,0.8020833333333334,0,1.1516666666666922,1.5625,3.0000000000000284,3.0000000000000284,3.000000000000057,0.0,274.21666666666226,953,4781,272,3200.0,834811.999999984,3200.0,308,178,126,130,1.6041666666666667,0,0.000522531620370365,0.0006063199074074093,0.00039593842592592704,LEGACY_REACTIVE,0,0,0,0,0,0.0,0.0,0,0,0,0,0,0.0,0,0,0,0,0.0,0,0,0.0,0.0,0.0,0.0,0.0,0.0,0.0,0.0,0,0,0.0,0.0,0,0,0,0,0,0.0,0,0,0,0,0,6022,618.0400000000013,0.00369107222222223,0.0,1114.3866666667427,0.000665536481481527,0.005989828333333743,930.6566666666657,0.000555808842592592,0.00500227958333333,203.0466666666673,0.0006063199074074093,0.0006063199074074093,66.29666666666685,0.00039593842592592704,0.0,0.0,0.0,0.0,3067.5733333332555,0.009160114814814586,0.009160114814814586,0.005989828333333743,0.00500227958333333,0.0006063199074074093,0.00039593842592592704,0.020758542638889065,1.5604515075683594,56.25,9b6188ce182d21ffcde10d87b4a948c470eb911247b7c37ab6db700c2f9048ef,6b7ea6ed33dd5b004979df72b31a2e436bd555a5ec60d2c8ff5abe464d4f19e5,3f2b381446fad9ba83cb84d6859e67c1c7721d18b857d1cfd085d9a29f7a8b77
8r-R01_LEGACY_FLOOR-s10,R01_LEGACY_FLOOR,CONFIRMATORY_BASELINE,CONFIRMATORY_8R,10,10976349321056788105,LEGACY_REACTIVE,COMPLETED,True,0.01488108266203687,0.03583333333333333,0.020952250671296458,0.5847139722222269,0.0,0.035833333333333335,185,145,0.7837837837837838,0,1.1675000000000182,1.6216216216216217,3.0000000000000284,3.0000000000000284,3.000000000000057,0.0,274.6666666666628,1025,4738,268,3200.0,833998.4999999858,3200.0,317,215,102,102,1.7135135135135136,0,0.0005034862037036985,0.0006751497685185191,0.0004370173611111119,LEGACY_REACTIVE,0,0,0,0,0,0.0,0.0,0,0,0,0,0,0.0,0,0,0,0,0.0,0,0,0.0,0.0,0.0,0.0,0.0,0.0,0.0,0.0,0,0,0.0,0.0,0,0,0,0,0,0.0,0,0,0,0,0,6145,618.2533333333325,0.0036923462962962905,0.0,1234.2666666667353,0.0007371314814815223,0.006634183333333704,900.728333333333,0.0005379349768518516,0.004841414791666665,226.09666666666683,0.0006751497685185191,0.0006751497685185191,73.17500000000014,0.0004370173611111119,0.0,0.0,0.0,0.0,2947.4799999999314,0.008801502777777576,0.008801502777777576,0.006634183333333704,0.004841414791666665,0.0006751497685185191,0.0004370173611111119,0.020952250671296465,1.7089941501617432,56.296875,dda709f62f50b6922faebc4d850048a4317ceadd9363a88ac469ad95adff47ff,6b7ea6ed33dd5b004979df72b31a2e436bd555a5ec60d2c8ff5abe464d4f19e5,98e1b1ab5b16e86bac592c9e2965a92c37451d89595cc924635c06428ad3aaa4
8r-R01_LEGACY_FLOOR-s11,R01_LEGACY_FLOOR,CONFIRMATORY_BASELINE,CONFIRMATORY_8R,11,5449705730174009532,LEGACY_REACTIVE,COMPLETED,True,0.015090622060185004,0.035833333333333335,0.02074271127314833,0.5788663611111162,0.0,0.035833333333333335,195,159,0.8153846153846154,0,1.1475000000000364,1.5384615384615385,3.000000000000014,3.0000000000000284,3.000000000000057,0.0,274.4924999999956,899,4749,269,3200.0,837124.9999999851,3200.0,286,172,114,114,1.4666666666666666,0,0.0005291289351851806,0.000577105787037038,0.00039762060185185156,LEGACY_REACTIVE,0,0,0,0,0,0.0,0.0,0,0,0,0,0,0.0,0,0,0,0,0.0,0,0,0.0,0.0,0.0,0.0,0.0,0.0,0.0,0.0,0,0,0.0,0.0,0,0,0,0,0,0.0,0,0,0,0,0,5855,603.0133333333323,0.003601329629629625,0.0,1079.826666666743,0.0006448964814815271,0.005804068333333744,940.1583333333333,0.0005614834490740739,0.005053351041666666,193.2633333333337,0.000577105787037038,0.000577105787037038,66.57833333333328,0.00039762060185185156,0.0,0.0,0.0,0.0,3117.159999999924,0.009308186111110889,0.009308186111110889,0.005804068333333744,0.005053351041666666,0.000577105787037038,0.00039762060185185156,0.020742711273148338,1.471818208694458,55.78125,74a3543d09d571a85d2ddd958122c75e043abf546cf949db4c55b18c19489944,6b7ea6ed33dd5b004979df72b31a2e436bd555a5ec60d2c8ff5abe464d4f19e5,124a00feaa5f59c5124300614c1a9c4aaee55735b2a7534cfd11cd5bddfd81a4
8r-R02_REVISED_CONTROLLER-s00,R02_REVISED_CONTROLLER,CONFIRMATORY_TREATMENT,CONFIRMATORY_8R,0,13924826592069036996,HYSTERESIS_PREDICTIVE,COMPLETED,True,0.015409301828703507,0.03583333333333333,0.02042403150462982,0.5699729722222276,0.0,0.035833333333333335,200,166,0.83,0,1.1525000000000172,1.5,2.8625000000000114,2.86250000000004,2.862500000000068,0.0,274.79583333332914,47,5046,282,3200.0,837041.166666652,3200.0,556,188,368,368,2.78,0,0.0005021165740740658,0.0007219321759259245,0.00038768680555555573,HYSTERESIS_PREDICTIVE,338,199,47,92,92,0.0,0.0,139,139,0,1133,1,0.41124260355029585,139,139,47,92,100.0,0,199,139000.0,47000.0,92000.0,0.0,305800.0,5000.0,953.9275000000063,4.863333333334036,0,0,0.0,0.0,0,0,0,0,0,0.0,0,0,0,0,0,5879,607.2933333333314,0.003626890740740728,0.0,996.5333333334127,0.0005951518518518994,0.005356366666667096,893.3216666666672,0.0005335115509259262,0.004801603958333337,241.76333333333287,0.0007219321759259245,0.0007219321759259245,64.91500000000002,0.0003876868055555557,0.0,0.0,0.0,0.0,3196.173333333255,0.009544128703703468,0.009544128703703468,0.005356366666667096,0.004801603958333337,0.0007219321759259245,0.0003876868055555557,0.020424031504629823,1.997873306274414,57.36328125,31ba45b1b8f97ff6931e42f99bee9709e8859504e578c8dcddc9398e4b3224b0,6b7ea6ed33dd5b004979df72b31a2e436bd555a5ec60d2c8ff5abe464d4f19e5,6aa8d26a32fbcd5978fee2ff93c3f6036705ee044ad9f206adc2d894452d1d26
8r-R02_REVISED_CONTROLLER-s01,R02_REVISED_CONTROLLER,CONFIRMATORY_TREATMENT,CONFIRMATORY_8R,1,17681907209526999834,HYSTERESIS_PREDICTIVE,COMPLETED,True,0.015142563472222044,0.03583333333333333,0.020690769861111284,0.5774168333333383,0.0,0.035833333333333335,186,141,0.7580645161290323,0,1.16833333333334,1.6129032258064515,2.86250000000004,2.86250000000004,2.862500000000068,0.0,275.0416666666627,55,4989,273,3200.0,831590.8333333192,3200.0,568,220,348,348,3.053763440860215,0,0.00046794152777776874,0.000804368750000001,0.0004733384259259281,HYSTERESIS_PREDICTIVE,327,185,55,87,87,0.0,0.0,142,142,0,1280,1,0.43425076452599387,142,142,55,87,100.0,0,185,142000.0,55000.0,87000.0,0.0,312400.0,5000.0,978.5744444444366,5.26666666666735,0,0,0.0,0.0,0,0,0,0,0,0.0,0,0,0,0,0,6314,629.8533333333339,0.0037616240740740775,0.0,1196.266666666743,0.0007144370370370827,0.006429933333333744,851.3733333333327,0.0005084590740740736,0.004576131666666663,269.37000000000035,0.000804368750000001,0.000804368750000001,79.25666666666703,0.0004733384259259281,0.0,0.0,0.0,0.0,2973.8799999999237,0.008880336111110878,0.008880336111110878,0.006429933333333744,0.004576131666666663,0.000804368750000001,0.0004733384259259281,0.020690769861111284,1.964081048965454,58.125,0bbfb1f436a9a82cce3cfb85bcdf8c7ed03dfb9a8c524197532e198c7bb7c1b7,6b7ea6ed33dd5b004979df72b31a2e436bd555a5ec60d2c8ff5abe464d4f19e5,86f60882a46efff6f9fc10e6646a963c25fbb350796289ba4cc38f67d50bf492
8r-R02_REVISED_CONTROLLER-s02,R02_REVISED_CONTROLLER,CONFIRMATORY_TREATMENT,CONFIRMATORY_8R,2,8412112409846639680,HYSTERESIS_PREDICTIVE,COMPLETED,True,0.015322542361110914,0.03583333333333333,0.020510790972222415,0.5723941666666721,0.0,0.035833333333333335,190,150,0.7894736842105263,0,1.1700000000000088,1.5789473684210527,2.86250000000004,2.86250000000004,2.862500000000068,0.0,273.18249999999585,53,5008,272,3200.0,828302.3333333189,3200.0,640,208,428,432,3.3684210526315788,0,0.00047815601851850897,0.0007817539351851835,0.00044757824074074214,HYSTERESIS_PREDICTIVE,350,190,53,107,107,0.0,0.0,160,160,0,1218,1,0.45714285714285713,160,161,52,109,100.0,0,189,160000.0,52000.0,107000.0,0.0,352000.0,5000.0,1052.8480555555623,4.948333333333969,0,0,0.0,0.0,0,0,0,0,0,0.0,0,0,0,0,0,6413,646.5666666666656,0.003861439814814808,0.0,1124.5400000000786,0.0006716002777778249,0.006044402500000424,863.2600000000002,0.0005155580555555558,0.004640022500000003,261.7966666666661,0.0007817539351851835,0.0007817539351851835,74.94333333333357,0.00044757824074074214,0.0,0.0,0.0,0.0,3028.893333333255,0.009044612037036808,0.009044612037036808,0.006044402500000424,0.004640022500000003,0.0007817539351851835,0.00044757824074074214,0.020510790972222418,2.066906213760376,58.890625,7241d78e275e37e2fe38259c9bf47050a4d34b406e471b9c52d151631628768c,6b7ea6ed33dd5b004979df72b31a2e436bd555a5ec60d2c8ff5abe464d4f19e5,59333fc50a8935f554611a8fa13cfc425f175f20dc913025a1209d219776c33e
8r-R02_REVISED_CONTROLLER-s03,R02_REVISED_CONTROLLER,CONFIRMATORY_TREATMENT,CONFIRMATORY_8R,3,15613344438755044190,HYSTERESIS_PREDICTIVE,COMPLETED,True,0.015176923657407223,0.035833333333333335,0.020656409675926114,0.5764579444444496,0.0,0.035833333333333335,183,141,0.7704918032786885,0,1.1975000000000193,1.639344262295082,2.86250000000004,2.86250000000004,2.862500000000068,0.0,274.5716666666626,58,5026,274,3200.0,826993.4999999854,3200.0,560,228,328,332,3.060109289617486,0,0.00045850342592591647,0.0008464729166666677,0.0004870347222222228,HYSTERESIS_PREDICTIVE,323,183,58,82,82,0.0,0.0,140,140,0,1363,1,0.43343653250773995,140,141,57,84,100.0,0,182,140000.0,57000.0,82000.0,0.0,308000.0,5000.0,991.7341666666754,5.77666666666744,0,0,0.0,0.0,0,0,0,0,0,0.0,0,0,0,0,0,6665,653.4400000000009,0.0039024888888888926,0.0,1230.6266666667432,0.0007349575925926383,0.006614618333333746,834.9799999999994,0.0004986686111111108,0.004488017499999997,283.47000000000037,0.0008464729166666677,0.0008464729166666677,81.55000000000011,0.00048703472222222285,0.0,0.0,0.0,0.0,2915.933333333255,0.008707300925925697,0.008707300925925697,0.006614618333333746,0.004488017499999997,0.0008464729166666677,0.00048703472222222285,0.020656409675926107,2.021148681640625,59.00390625,b82ee5930628c9525e8f280de75c414cd7b4414b3b2af123142d78eb057b0c95,6b7ea6ed33dd5b004979df72b31a2e436bd555a5ec60d2c8ff5abe464d4f19e5,080db05e7c14813dec64636825f7fbfd8ab5ef54b07f21a6f228963800bf8997
8r-R02_REVISED_CONTROLLER-s04,R02_REVISED_CONTROLLER,CONFIRMATORY_TREATMENT,CONFIRMATORY_8R,4,5340676209599987018,HYSTERESIS_PREDICTIVE,COMPLETED,True,0.015572539583333139,0.035833333333333335,0.020260793750000197,0.5654175000000055,0.0,0.035833333333333335,203,170,0.8374384236453202,0,1.150000000000034,1.477832512315271,2.8625000000000114,2.86250000000004,2.862500000000068,0.0,272.98999999999535,44,5058,281,3200.0,833528.8333333179,3200.0,636,176,460,460,3.1330049261083746,0,0.0005106608333333235,0.000699984259259259,0.00035787546296296333,HYSTERESIS_PREDICTIVE,361,202,44,115,115,0.0,0.0,159,159,0,1083,1,0.4404432132963989,159,159,44,115,100.0,0,202,159000.0,44000.0,115000.0,0.0,349800.0,5000.0,1038.3800000000106,4.7566666666673,0,0,0.0,0.0,0,0,0,0,0,0.0,0,0,0,0,0,5951,626.6800000000006,0.0037426722222222253,0.0,933.8533333334162,0.0005577179629630124,0.0050194616666671115,905.6633333333333,0.0005408822685185185,0.004867940416666666,234.4133333333332,0.000699984259259259,0.000699984259259259,59.92333333333341,0.00035787546296296333,0.0,0.0,0.0,0.0,3239.4666666665844,0.009673407407407162,0.009673407407407162,0.0050194616666671115,0.004867940416666666,0.000699984259259259,0.00035787546296296333,0.020260793750000197,1.9572978019714355,58.00390625,eec74702f5d1b25fadbb6a49368f5c2845bf102c6e37ec726e2d10f2a074731a,6b7ea6ed33dd5b004979df72b31a2e436bd555a5ec60d2c8ff5abe464d4f19e5,23a24ca458da8f4684f24cdf03869713ca5e4d6b9ffc2aaa46b51c9d7e0214cd
8r-R02_REVISED_CONTROLLER-s05,R02_REVISED_CONTROLLER,CONFIRMATORY_TREATMENT,CONFIRMATORY_8R,5,17745484942575847023,HYSTERESIS_PREDICTIVE,COMPLETED,True,0.01520041439814774,0.035833333333333335,0.020632918935185596,0.5758023888889003,0.0,0.035833333333333335,188,145,0.7712765957446809,0,1.1770833333333712,1.5957446808510638,2.86250000000004,2.86250000000004,2.862500000000068,0.0,274.18500000000074,54,4965,269,3200.0,831062.6666666674,3200.0,580,216,364,364,3.0851063829787235,0,0.00047405708333332375,0.0007813358796296293,0.0004639421296296302,HYSTERESIS_PREDICTIVE,333,188,54,91,91,0.0,0.0,145,145,0,1206,1,0.43543543543543545,145,145,54,91,100.0,0,188,145000.0,54000.0,91000.0,0.0,319000.0,5000.0,988.6841666666257,5.030000000000786,0,0,0.0,0.0,0,0,0,0,0,0.0,0,0,0,0,0,6243,630.4533333332565,0.003765207407406948,0.0,1161.5466666667435,0.0006937014814815273,0.0062433133333337455,860.66,0.0005140052777777778,0.0046260475,261.6566666666666,0.0007813358796296293,0.0007813358796296293,77.68333333333342,0.0004639421296296302,0.0,0.0,0.0,0.0,3008.0,0.008982222222222223,0.008982222222222223,0.0062433133333337455,0.0046260475,0.0007813358796296293,0.0004639421296296302,0.020632918935185596,1.864504337310791,57.96875,5d42595ac974e1bf2a665b0ea7b2de8566f4a071440c89bc3ae87acf9571f399,6b7ea6ed33dd5b004979df72b31a2e436bd555a5ec60d2c8ff5abe464d4f19e5,bc7cb9d984e2ebb605ea54deb59c05132c84faa581ae65279d450bc4ffa01dc7
8r-R02_REVISED_CONTROLLER-s06,R02_REVISED_CONTROLLER,CONFIRMATORY_TREATMENT,CONFIRMATORY_8R,6,15880714972592362664,HYSTERESIS_PREDICTIVE,COMPLETED,True,0.015143973912036854,0.035833333333333356,0.020689359421296502,0.5773774722222276,0.0,0.035833333333333335,185,139,0.7513513513513513,0,1.176666666666705,1.6216216216216217,2.86250000000004,2.86250000000004,2.862500000000068,0.0,274.38583333332923,55,4973,270,3200.0,829102.1666666535,3200.0,580,220,360,360,3.135135135135135,0,0.0004635559259259168,0.0008107689814814816,0.0004915835648148149,HYSTERESIS_PREDICTIVE,329,184,55,90,90,0.0,0.0,145,145,0,1269,1,0.44072948328267475,145,145,55,90,100.0,0,184,145000.0,55000.0,90000.0,0.0,319000.0,5000.0,1000.8816666666738,5.2333333333338325,0,0,0.0,5.684341886080802e-14,0,0,0,0,0,0.0,0,0,0,0,0,6462,639.0799999999977,0.003816727777777764,0.0,1216.226666666744,0.0007263575925926388,0.0065372183333337495,846.175,0.000505354513888889,0.004548190625,271.5133333333334,0.0008107689814814816,0.0008107689814814816,82.31166666666668,0.0004915835648148149,0.0,0.0,0.0,0.0,2944.6933333332586,0.00879318148148126,0.00879318148148126,0.0065372183333337495,0.004548190625,0.0008107689814814816,0.0004915835648148149,0.02068935942129649,1.9236476421356201,58.55078125,d74f5ebff8481d57ea198fb792d7cb87bbdf53630734c83aab534653ca5ca74a,6b7ea6ed33dd5b004979df72b31a2e436bd555a5ec60d2c8ff5abe464d4f19e5,2851aaefbb798cc25dc582b3ca4751df54d332aca363667181d4c3d56825a3ad
8r-R02_REVISED_CONTROLLER-s07,R02_REVISED_CONTROLLER,CONFIRMATORY_TREATMENT,CONFIRMATORY_8R,7,4147199012417366876,HYSTERESIS_PREDICTIVE,COMPLETED,True,0.015175956157407206,0.035833333333333335,0.02065737717592613,0.5764849444444501,0.0,0.035833333333333335,182,135,0.7417582417582418,0,1.187500000000016,1.6483516483516483,2.86250000000004,2.86250000000004,2.862500000000068,0.0,273.84249999999633,55,4981,268,3200.0,826058.8333333257,3200.0,608,216,388,392,3.340659340659341,0,0.0004595824074074091,0.0008248037037037028,0.00048540231481481523,HYSTERESIS_PREDICTIVE,335,183,55,97,97,0.0,0.0,152,152,0,1297,1,0.4537313432835821,152,153,54,99,100.0,0,182,152000.0,54000.0,97000.0,0.0,334400.0,5000.0,1038.6544444444332,5.448333333334096,0,0,0.0,0.0,0,0,0,0,0,0.0,0,0,0,0,0,6618,658.5066666666299,0.0039327481481479295,0.0,1229.4933333333702,0.0007342807407407627,0.006608526666666864,842.5100000000002,0.0005031656944444446,0.0045284912500000015,276.213333333333,0.0008248037037037028,0.0008248037037037028,81.27666666666673,0.0004854023148148152,0.0,0.0,0.0,0.0,2912.0,0.008695555555555555,0.008695555555555555,0.006608526666666864,0.0045284912500000015,0.0008248037037037028,0.0004854023148148152,0.020657377175926125,1.9832735061645508,58.9609375,7dc80c232b7a14090f07b3c4ecb0969cdbba03d1e90f53e68fd9f8a5eb4172d9,6b7ea6ed33dd5b004979df72b31a2e436bd555a5ec60d2c8ff5abe464d4f19e5,4591f241c5eda17c73dd54bd4d35abec18c2db7237db1030ef8e5a42ea49bf82
8r-R02_REVISED_CONTROLLER-s08,R02_REVISED_CONTROLLER,CONFIRMATORY_TREATMENT,CONFIRMATORY_8R,8,228495903928811743,HYSTERESIS_PREDICTIVE,COMPLETED,True,0.015198925324073657,0.035833333333333335,0.020634408009259676,0.5758439444444561,0.0,0.035833333333333335,192,150,0.78125,0,1.150000000000004,1.5625,2.86250000000004,2.86250000000004,2.862500000000068,0.0,274.89333333333394,51,4993,273,3200.0,835035.6666666679,3200.0,596,200,392,396,3.1041666666666665,0,0.00048371416666666934,0.0007401175925925909,0.0004544263888888886,HYSTERESIS_PREDICTIVE,342,193,51,98,98,0.0,0.0,149,149,0,1158,1,0.43567251461988304,149,150,50,100,100.0,0,192,149000.0,50000.0,98000.0,0.0,327800.0,5000.0,985.3244444443874,4.861666666667272,0,0,0.0,0.0,0,0,0,0,0,0.0,0,0,0,0,0,6000,609.4599999999222,0.0036398305555550917,0.0,1118.5400000000777,0.0006680169444444907,0.0060121525000004184,876.0566666666673,0.0005232005092592596,0.004708804583333337,247.85333333333278,0.0007401175925925909,0.0007401175925925909,76.08999999999995,0.0004544263888888886,0.0,0.0,0.0,0.0,3072.0,0.009173333333333334,0.009173333333333334,0.0060121525000004184,0.004708804583333337,0.0007401175925925909,0.0004544263888888886,0.020634408009259676,1.9304039478302002,57.375,7fcbf5dfc39c1b3ff77085ab60993991fc0daeb6d444fbbe241a5063dae79875,6b7ea6ed33dd5b004979df72b31a2e436bd555a5ec60d2c8ff5abe464d4f19e5,37af99ff229793db9cf5fd8ef0adb850112796ead11b877552ba64a20fd8a347
8r-R02_REVISED_CONTROLLER-s09,R02_REVISED_CONTROLLER,CONFIRMATORY_TREATMENT,CONFIRMATORY_8R,9,7498525808431263349,HYSTERESIS_PREDICTIVE,COMPLETED,True,0.015405954398147964,0.035833333333333335,0.02042737893518537,0.570066388888894,0.0,0.035833333333333335,196,156,0.7959183673469388,0,1.1566666666666876,1.530612244897959,2.86250000000004,2.86250000000004,2.862500000000068,0.0,273.58666666666227,47,5048,279,3200.0,831399.833333318,3200.0,604,184,416,420,3.0816326530612246,0,0.0004920772685185085,0.0007324631944444456,0.0004074050925925936,HYSTERESIS_PREDICTIVE,347,196,47,104,104,0.0,0.0,151,151,0,1163,1,0.43515850144092216,151,152,46,106,100.0,0,195,151000.0,46000.0,104000.0,0.0,332200.0,5000.0,1017.3922222222324,5.04666666666736,0,0,0.0,0.0,0,0,0,0,0,0.0,0,0,0,0,0,6197,635.4133333333352,0.0037948296296296392,0.0,1044.0400000000823,0.0006235238888889381,0.005611715000000441,886.4933333333329,0.0005294335185185182,0.004764901666666664,245.2900000000004,0.0007324631944444456,0.0007324631944444456,68.21666666666684,0.00040740509259259365,0.0,0.0,0.0,0.0,3120.546666666582,0.009318299074073824,0.009318299074073824,0.005611715000000441,0.004764901666666664,0.0007324631944444456,0.00040740509259259365,0.020427378935185373,1.874518871307373,58.21484375,830f3fa42e161f3e0df4bec1bfd517e793413ca02f76bf04d055d99f336c53d0,6b7ea6ed33dd5b004979df72b31a2e436bd555a5ec60d2c8ff5abe464d4f19e5,d368dcc18d8a49600de166df67bf258c0c0273d6a689e7db1ab3e85b3f9ce45c
8r-R02_REVISED_CONTROLLER-s10,R02_REVISED_CONTROLLER,CONFIRMATORY_TREATMENT,CONFIRMATORY_8R,10,10976349321056788105,HYSTERESIS_PREDICTIVE,COMPLETED,True,0.015223403472222119,0.035833333333333335,0.020609929861111216,0.5751608333333362,0.0,0.035833333333333335,187,145,0.7754010695187166,0,1.170000000000016,1.6042780748663101,2.86250000000004,2.86250000000004,2.862500000000068,0.0,274.0666666666629,57,5002,273,3200.0,829834.4999999912,3200.0,584,228,356,356,3.122994652406417,0,0.00047118842592592825,0.0008086687499999989,0.0004610754629628542,HYSTERESIS_PREDICTIVE,333,187,57,89,89,0.0,0.0,146,146,0,1266,1,0.43843843843843844,146,146,57,89,100.0,0,187,146000.0,57000.0,89000.0,0.0,321200.0,5000.0,994.6572222222134,5.04333333333409,0,0,0.0,0.0,0,0,0,0,0,0.0,0,0,0,0,0,6368,638.2533333333322,0.0038117907407407337,0.0,1169.7466666666678,0.0006985987037037045,0.006287388333333341,851.9866666666852,0.0005088253703703815,0.004579428333333433,270.8099999999996,0.0008086687499999989,0.0008086687499999989,77.20333333331511,0.0004610754629628542,0.0,0.0,0.0,0.0,2992.0,0.008934444444444445,0.008934444444444445,0.006287388333333341,0.004579428333333433,0.0008086687499999989,0.0004610754629628542,0.020609929861111216,1.925825834274292,58.48046875,16f4edfecc4ce9fbf9804f34567f9c31c8681abb1784e852482a1b0452850111,6b7ea6ed33dd5b004979df72b31a2e436bd555a5ec60d2c8ff5abe464d4f19e5,4045b5f6b78945c9b5a0f8f2ded67e1d4a695bac28e6569127df3d90fa5088fe
8r-R02_REVISED_CONTROLLER-s11,R02_REVISED_CONTROLLER,CONFIRMATORY_TREATMENT,CONFIRMATORY_8R,11,5449705730174009532,HYSTERESIS_PREDICTIVE,COMPLETED,True,0.015416404293981398,0.03583333333333333,0.020416929039351932,0.5697747638888913,0.0,0.035833333333333335,198,161,0.8131313131313131,0,1.1487500000000352,1.5151515151515151,2.8625000000000114,2.86250000000004,2.862500000000068,0.0,273.91916666666225,45,5012,274,3200.0,834032.9999999881,3200.0,612,180,432,432,3.090909090909091,0,0.0004987382870370391,0.0007152831018518516,0.0004056383101850965,HYSTERESIS_PREDICTIVE,351,198,45,108,108,0.0,0.0,153,153,0,1097,1,0.4358974358974359,153,153,45,108,100.0,0,198,153000.0,45000.0,108000.0,0.0,336600.0,5000.0,1016.7302777777783,4.796666666667169,0,0,0.0,0.0,0,0,0,0,0,0.0,0,0,0,0,0,6004,619.1199999999985,0.0036975222222222137,0.0,1012.8800000000008,0.0006049144444444449,0.005444230000000005,892.5425000000149,0.0005330462152777867,0.00479741593750008,239.5366666666666,0.0007152831018518516,0.0007152831018518516,67.92083333331847,0.00040563831018509646,0.0,0.0,0.0,0.0,3168.0000000000005,0.009460000000000001,0.009460000000000001,0.005444230000000005,0.00479741593750008,0.0007152831018518516,0.00040563831018509646,0.02041692903935194,1.9103496074676514,57.81640625,71dc37a5d0d942b19fd13d6e5b80666713a209ed2e820230999a61b33efff456,6b7ea6ed33dd5b004979df72b31a2e436bd555a5ec60d2c8ff5abe464d4f19e5,bcd4994bdfda3747fd2f9c4b17a07786ae7611571beb1c7ce4f27b3a74b4a481
8r-R03_REVISED_PLUS_REASSIGNMENT-s00,R03_REVISED_PLUS_REASSIGNMENT,EXPLORATORY,CONFIRMATORY_8R,0,13924826592069036996,HYSTERESIS_PREDICTIVE_REASSIGNMENT,COMPLETED,True,0.015249782777777589,0.035833333333333335,0.020583550555555746,0.5744246666666719,0.0,0.035833333333333335,198,161,0.8131313131313131,0,1.1562500000000067,1.5151515151515151,2.8125000000000284,2.8125000000000284,2.812500000000057,0.0,227.0191666666621,50,3887,248,3200.0,697173.8333333187,3200.0,556,200,356,356,2.808080808080808,0,0.0004970481481481402,0.0007482696759259247,0.0003871592592592587,HYSTERESIS_PREDICTIVE_REASSIGNMENT,336,197,50,89,89,0.0,0.0,139,139,0,150,1,0.41369047619047616,139,139,50,89,100.0,0,197,139000.0,50000.0,89000.0,0.0,305800.0,5000.0,1043.663888888894,7.764999999999983,1198,0,0.0,0.0,0,0,0,0,0,0.0,0,0,0,0,0,4805,588.2133333333309,0.003512940740740726,0.0,1048.0800000000752,0.0006259366666667116,0.005633430000000406,884.5900000000003,0.0005282968055555558,0.004754671250000004,250.58333333333294,0.0007482696759259247,0.0007482696759259247,64.82666666666657,0.0003871592592592587,0.0,0.0,0.0,0.0,3163.7066666665933,0.009447179629629411,0.009447179629629411,0.005633430000000406,0.004754671250000004,0.0007482696759259247,0.0003871592592592587,0.020583550555555743,4.373354196548462,60.1328125,ff009190ca955442a90ab957e2fe0ddb75ce38a52d5370ab29928491533276a2,6b7ea6ed33dd5b004979df72b31a2e436bd555a5ec60d2c8ff5abe464d4f19e5,20e1f4934e36dd7d033eb0ddcc1ba5077e98610613d5806700de0419de7eee8a
8r-R03_REVISED_PLUS_REASSIGNMENT-s01,R03_REVISED_PLUS_REASSIGNMENT,EXPLORATORY,CONFIRMATORY_8R,1,17681907209526999834,HYSTERESIS_PREDICTIVE_REASSIGNMENT,COMPLETED,True,0.015017031840277612,0.03583333333333335,0.020816301493055737,0.5809200416666714,0.0,0.035833333333333335,186,140,0.7526881720430108,0,1.16833333333334,1.6129032258064515,2.8125000000000284,2.8125000000000284,2.812500000000057,0.0,220.97083333332887,58,3707,243,3200.0,671731.6666666522,3200.0,568,228,336,340,3.053763440860215,0,0.00046729254629628795,0.0008222157407407415,0.00045614340277777944,HYSTERESIS_PREDICTIVE_REASSIGNMENT,328,186,58,84,84,0.0,0.0,142,142,0,171,1,0.4329268292682927,142,143,57,86,100.0,0,185,142000.0,57000.0,84000.0,0.0,312400.0,5000.0,1078.580555555562,8.985000000000026,1340,0,0.0,0.0,0,0,0,0,0,0.0,0,0,0,0,0,5066,608.6533333333339,0.0036350129629629654,0.0,1221.8133333334056,0.000729694074074117,0.0065672466666670554,848.2758333333329,0.0005066091782407403,0.004559482604166664,275.3466666666669,0.0008222157407407415,0.0008222157407407415,76.37750000000028,0.00045614340277777944,0.0,0.0,0.0,0.0,2969.5333333332605,0.008867356481481268,0.008867356481481268,0.0065672466666670554,0.004559482604166664,0.0008222157407407415,0.00045614340277777944,0.02081630149305573,4.760554075241089,60.74609375,4871914a993b182921443fe211b59b63edbf02adf523ac377cbe4ced913048a1,6b7ea6ed33dd5b004979df72b31a2e436bd555a5ec60d2c8ff5abe464d4f19e5,c3fb809efe6f368612f10c8749faea884dcd7eb94d7b00996e7cf7a9c0a4829b
8r-R03_REVISED_PLUS_REASSIGNMENT-s02,R03_REVISED_PLUS_REASSIGNMENT,EXPLORATORY,CONFIRMATORY_8R,2,8412112409846639680,HYSTERESIS_PREDICTIVE_REASSIGNMENT,COMPLETED,True,0.015122900925925725,0.035833333333333335,0.02071043240740761,0.5779655555555612,0.0,0.035833333333333335,186,143,0.7688172043010753,0,1.170000000000016,1.6129032258064515,2.8125000000000284,2.8125000000000284,2.812500000000057,0.0,221.02500000000003,57,3735,242,3200.0,672255.0,3200.0,632,224,404,408,3.3978494623655915,0,0.00046986458333333526,0.0008122719907407388,0.0004549439814814824,HYSTERESIS_PREDICTIVE_REASSIGNMENT,345,187,57,101,101,0.0,0.0,158,158,0,168,1,0.4579710144927536,158,159,56,103,100.0,0,186,158000.0,56000.0,101000.0,0.0,347600.0,5000.0,1145.169722222192,8.485000000000023,1321,0,0.0,0.0,0,0,0,0,0,0.0,0,0,0,0,0,5270,627.1566666666299,0.003745518981481263,0.0,1196.8433333333705,0.0007147814351852073,0.006433032916666865,851.8066666666672,0.0005087178703703707,0.004578460833333336,272.016666666666,0.0008122719907407388,0.0008122719907407388,76.17666666666682,0.0004549439814814823,0.0,0.0,0.0,0.0,2976.0,0.008886666666666666,0.008886666666666666,0.006433032916666865,0.004578460833333336,0.0008122719907407388,0.0004549439814814823,0.020710432407407605,4.749446392059326,61.421875,0f565ebb6d433a52216d11cc4f40d94f72d708b7eca9fa03177ed0923b39b1a8,6b7ea6ed33dd5b004979df72b31a2e436bd555a5ec60d2c8ff5abe464d4f19e5,14b8a2d57e9810eeaf3d3f7a88e853949b5259f2e0da6ba180a79ced3858e57a
8r-R03_REVISED_PLUS_REASSIGNMENT-s03,R03_REVISED_PLUS_REASSIGNMENT,EXPLORATORY,CONFIRMATORY_8R,3,15613344438755044190,HYSTERESIS_PREDICTIVE_REASSIGNMENT,COMPLETED,True,0.014992179930555384,0.035833333333333335,0.02084115340277795,0.5816135833333381,0.0,0.035833333333333335,181,134,0.7403314917127072,0,1.2133333333333525,1.6574585635359116,2.8125000000000284,2.8125000000000284,2.812500000000057,0.0,217.6316666666621,60,3622,240,3200.0,659302.9999999854,3200.0,556,236,316,320,3.0718232044198897,0,0.00045408398148147274,0.0008688289351851863,0.00048278449074074,HYSTERESIS_PREDICTIVE_REASSIGNMENT,320,181,60,79,79,0.0,0.0,139,139,0,177,1,0.434375,139,140,59,81,100.0,0,180,139000.0,59000.0,79000.0,0.0,305800.0,5000.0,1098.8555555555631,9.75500000000006,1433,0,0.0,0.0,0,0,0,0,0,0.0,0,0,0,0,0,5341,628.7733333333335,0.0037551740740740763,0.0,1283.0133333334059,0.0007662440740741173,0.006896196666667056,828.2049999999997,0.0004946224305555554,0.004451601874999999,290.95666666666705,0.0008688289351851863,0.0008688289351851863,80.8383333333332,0.00048278449074074,0.0,0.0,0.0,0.0,2888.213333333261,0.008624525925925712,0.008624525925925712,0.006896196666667056,0.004451601874999999,0.0008688289351851863,0.00048278449074074,0.02084115340277795,4.720507860183716,61.37890625,704dc200a5cc1bacf773dcd0381da07ba136b324756bd007d76c7d9d4cb94d6a,6b7ea6ed33dd5b004979df72b31a2e436bd555a5ec60d2c8ff5abe464d4f19e5,40864bf2f71a71339ded32730b3eb6114c8a5809e840dea89758d8af5e9c3125
8r-R03_REVISED_PLUS_REASSIGNMENT-s04,R03_REVISED_PLUS_REASSIGNMENT,EXPLORATORY,CONFIRMATORY_8R,4,5340676209599987018,HYSTERESIS_PREDICTIVE_REASSIGNMENT,COMPLETED,True,0.015448511458333307,0.03583333333333333,0.02038482187500002,0.5688787500000007,0.0,0.035833333333333335,202,168,0.8316831683168316,0,1.1525000000000318,1.4851485148514851,2.812500000000014,2.8125000000000284,2.812500000000057,0.0,229.02666666666164,46,3979,248,3200.0,705858.6666666557,3200.0,636,184,452,452,3.1485148514851486,0,0.0005095460185185211,0.0007127847222222217,0.00034902662037034044,HYSTERESIS_PREDICTIVE_REASSIGNMENT,361,202,46,113,113,0.0,0.0,159,159,0,138,1,0.4404432132963989,159,159,46,113,100.0,0,202,159000.0,46000.0,113000.0,0.0,349800.0,5000.0,1121.280000000008,7.535000000000011,1138,0,0.0,0.0,0,0,0,0,0,0.0,0,0,0,0,0,4885,606.5000000000005,0.003622152777777781,0.0,961.4999999999993,0.0005742291666666662,0.0051680624999999964,902.8583333333386,0.0005392070601851882,0.004852863541666694,238.69999999999985,0.0007127847222222217,0.0007127847222222217,58.44166666666166,0.00034902662037034044,0.0,0.0,0.0,0.0,3232.0,0.00965111111111111,0.00965111111111111,0.0051680624999999964,0.004852863541666694,0.0007127847222222217,0.00034902662037034044,0.020384821875000025,4.467980861663818,60.77734375,68ca2e9c5a1271ad9d7e81353eb3e2464ef51223785854365b7bd0bdb59b7ee5,6b7ea6ed33dd5b004979df72b31a2e436bd555a5ec60d2c8ff5abe464d4f19e5,3c10e2cc99526ab0623f50e7872aaeafe21b9135251493d9d77987a5261c1fe0
8r-R03_REVISED_PLUS_REASSIGNMENT-s05,R03_REVISED_PLUS_REASSIGNMENT,EXPLORATORY,CONFIRMATORY_8R,5,17745484942575847023,HYSTERESIS_PREDICTIVE_REASSIGNMENT,COMPLETED,True,0.014943774074073985,0.03583333333333334,0.02088955925925936,0.5829644444444471,0.0,0.035833333333333335,183,135,0.7377049180327869,0,1.180000000000021,1.639344262295082,2.8125000000000284,2.8125000000000284,2.812500000000057,0.0,220.7933333333333,60,3676,242,3200.0,668745.3333333331,3200.0,564,236,324,328,3.081967213114754,0,0.00046150944444444634,0.0008188613425925933,0.00048365046296296253,HYSTERESIS_PREDICTIVE_REASSIGNMENT,325,184,60,81,81,0.0,0.0,141,141,0,177,1,0.4338461538461538,141,142,59,83,100.0,0,183,141000.0,59000.0,81000.0,0.0,310200.0,5000.0,1070.9038888888906,8.505000000000024,1331,0,0.0,0.0,0,0,0,0,0,0.0,0,0,0,0,0,5093,609.3766666666497,0.003639332870370269,0.0,1262.6233333333507,0.0007540667129629734,0.006786600416666762,844.7933333333331,0.0005045293518518517,0.004540764166666665,274.2233333333336,0.0008188613425925933,0.0008188613425925933,80.98333333333326,0.00048365046296296253,0.0,0.0,0.0,0.0,2927.9999999999995,0.008743333333333332,0.008743333333333332,0.006786600416666762,0.004540764166666665,0.0008188613425925933,0.00048365046296296253,0.020889559259259352,4.495250225067139,60.58203125,a7f1167087c325852a164bc38451c78c496decd4c86a1fb0dd39d9b7a9220d31,6b7ea6ed33dd5b004979df72b31a2e436bd555a5ec60d2c8ff5abe464d4f19e5,bcfe3db6b0f5f54f4b9640740f1867e2ce115792a1f4ee19171ae8eb375ec1d5
8r-R03_REVISED_PLUS_REASSIGNMENT-s06,R03_REVISED_PLUS_REASSIGNMENT,EXPLORATORY,CONFIRMATORY_8R,6,15880714972592362664,HYSTERESIS_PREDICTIVE_REASSIGNMENT,COMPLETED,True,0.015022825891203597,0.03583333333333334,0.020810507442129745,0.5807583472222253,0.0,0.035833333333333335,184,137,0.7445652173913043,0,1.17833333333337,1.6304347826086956,2.8125000000000284,2.8125000000000284,2.812500000000057,0.0,220.67749999999555,57,3685,241,3200.0,669490.4999999902,3200.0,580,228,352,352,3.152173913043478,0,0.0004634524074074095,0.0008279789351851856,0.0004744482638887823,HYSTERESIS_PREDICTIVE_REASSIGNMENT,329,184,57,88,88,0.0,0.0,145,145,0,171,1,0.44072948328267475,145,145,57,88,100.0,0,184,145000.0,57000.0,88000.0,0.0,319000.0,5000.0,1102.6672222222135,8.94999999999996,1344,0,0.0,5.684341886080802e-14,0,0,0,0,0,0.0,0,0,0,0,0,5212,617.1566666666645,0.003685796759259247,0.0,1238.8433333333353,0.0007398647685185198,0.006658782916666678,843.2808333333512,0.0005036260532407513,0.0045326344791667625,277.2766666666668,0.0008279789351851856,0.0008279789351851856,79.44249999998218,0.0004744482638887823,0.0,0.0,0.0,0.0,2944.0,0.00879111111111111,0.00879111111111111,0.006658782916666678,0.0045326344791667625,0.0008279789351851856,0.0004744482638887823,0.020810507442129738,5.12873387336731,61.02734375,68ff610aef8ab76ee2e9dac81c700d622aa57ddeb00103cfb7766e9c47c6594c,6b7ea6ed33dd5b004979df72b31a2e436bd555a5ec60d2c8ff5abe464d4f19e5,ffe7607c3568dd899ff57738b313d0bf31afcf712b117f25fa001a575562c0a4
8r-R03_REVISED_PLUS_REASSIGNMENT-s07,R03_REVISED_PLUS_REASSIGNMENT,EXPLORATORY,CONFIRMATORY_8R,7,4147199012417366876,HYSTERESIS_PREDICTIVE_REASSIGNMENT,COMPLETED,True,0.01493819601851816,0.03583333333333335,0.02089513731481519,0.5831201111111213,0.0,0.035833333333333335,179,128,0.7150837988826816,0,1.1850000000000023,1.675977653631285,2.8125000000000284,2.8125000000000284,2.812500000000057,0.0,218.06166666666667,59,3608,237,3200.0,658735.6666666667,3200.0,596,232,360,364,3.329608938547486,0,0.00045196782407407575,0.0008555009259259259,0.0004949578703703704,HYSTERESIS_PREDICTIVE_REASSIGNMENT,329,180,59,90,90,0.0,0.0,149,149,0,174,1,0.45288753799392095,149,150,58,92,100.0,0,179,149000.0,58000.0,90000.0,0.0,327800.0,5000.0,1130.5430555555047,9.67,1405,0,0.0,0.0,0,0,0,0,0,0.0,0,0,0,0,0,5284,629.4366666665985,0.003759135648147741,0.0,1306.5633333334017,0.0007803086574074482,0.007022777916667035,830.6299999999999,0.0004960706944444444,0.00446463625,286.49333333333334,0.0008555009259259259,0.0008555009259259259,82.87666666666668,0.0004949578703703704,0.0,0.0,0.0,0.0,2863.9999999999995,0.008552222222222221,0.008552222222222221,0.007022777916667035,0.00446463625,0.0008555009259259259,0.0004949578703703704,0.020895137314815182,5.296740770339966,61.01953125,d55f7b36f53ff8682cf5e00e998287a6b1f0b0518f6dc31499a97ee741807f25,6b7ea6ed33dd5b004979df72b31a2e436bd555a5ec60d2c8ff5abe464d4f19e5,f4838b9abdc819f893a0d83849917b20c7b924410124856330322db9fdc66e4a
8r-R03_REVISED_PLUS_REASSIGNMENT-s08,R03_REVISED_PLUS_REASSIGNMENT,EXPLORATORY,CONFIRMATORY_8R,8,228495903928811743,HYSTERESIS_PREDICTIVE_REASSIGNMENT,COMPLETED,True,0.015103040798610922,0.035833333333333335,0.020730292534722413,0.578519791666672,0.0,0.035833333333333335,193,150,0.7772020725388601,0,1.1500000000000057,1.5544041450777202,2.8125000000000284,2.8125000000000284,2.812500000000057,0.0,226.85166666666214,51,3811,244,3200.0,691725.3333333189,3200.0,596,204,392,392,3.088082901554404,0,0.0004852709259259177,0.000748478703703702,0.00043718159722222185,HYSTERESIS_PREDICTIVE_REASSIGNMENT,341,192,51,98,98,0.0,0.0,149,149,0,153,1,0.436950146627566,149,149,51,98,100.0,0,192,149000.0,51000.0,98000.0,0.0,327800.0,5000.0,1079.9994444444344,7.769999999999974,1229,0,0.0,0.0,0,0,0,0,0,0.0,0,0,0,0,0,4861,588.6299999999975,0.003515429166666652,0.0,1128.943333333408,0.000674230046296341,0.006068070416667069,876.1441666666673,0.0005232527662037041,0.0047092748958333375,250.65333333333274,0.000748478703703702,0.000748478703703702,73.20249999999996,0.0004371815972222219,0.0,0.0,0.0,0.0,3082.426666666594,0.009204468518518305,0.009204468518518305,0.006068070416667069,0.0047092748958333375,0.000748478703703702,0.0004371815972222219,0.020730292534722413,4.691667318344116,60.14453125,43d6a1ee9a037c8f34ea31c48e9d277b3b86eb0cc8338f32afc3f74ec4c7efae,6b7ea6ed33dd5b004979df72b31a2e436bd555a5ec60d2c8ff5abe464d4f19e5,6868d379d80b869aa5866e4659826524870e16f6bd1269ac62f083b80bfc9571
8r-R03_REVISED_PLUS_REASSIGNMENT-s09,R03_REVISED_PLUS_REASSIGNMENT,EXPLORATORY,CONFIRMATORY_8R,9,7498525808431263349,HYSTERESIS_PREDICTIVE_REASSIGNMENT,COMPLETED,True,0.015215076203703689,0.035833333333333335,0.020618257129629648,0.5753932222222227,0.0,0.035833333333333335,193,152,0.7875647668393783,0,1.1533333333333502,1.5544041450777202,2.8125000000000284,2.8125000000000284,2.812500000000057,0.0,225.22416666666183,50,3823,243,3200.0,688493.166666656,3200.0,596,200,396,396,3.088082901554404,0,0.00048691925925926173,0.0007638372685185193,0.0004126805555555269,HYSTERESIS_PREDICTIVE_REASSIGNMENT,342,193,50,99,99,0.0,0.0,149,149,0,150,1,0.43567251461988304,149,149,50,99,100.0,0,193,149000.0,50000.0,99000.0,0.0,327800.0,5000.0,1101.798888888897,8.214999999999971,1255,0,0.0,0.0,0,0,0,0,0,0.0,0,0,0,0,0,5007,608.813333333335,0.0036359685185185274,0.0,1103.1866666666656,0.000658847592592592,0.005929628333333327,875.1033333333379,0.0005226311574074101,0.004703680416666691,255.79666666666697,0.0007638372685185193,0.0007638372685185193,69.0999999999952,0.0004126805555555269,0.0,0.0,0.0,0.0,3087.9999999999995,0.009221111111111109,0.009221111111111109,0.005929628333333327,0.004703680416666691,0.0007638372685185193,0.0004126805555555269,0.020618257129629645,5.045746803283691,60.65625,fcaba9c10c5fdc10d6349053dd113210ccdd11f766fdbb31ed3a62b66e087fc1,6b7ea6ed33dd5b004979df72b31a2e436bd555a5ec60d2c8ff5abe464d4f19e5,0f921adbc89dd726be540ec066b08007c7e4b03e12f1fe4fe9121f3b8e13c2b1
8r-R03_REVISED_PLUS_REASSIGNMENT-s10,R03_REVISED_PLUS_REASSIGNMENT,EXPLORATORY,CONFIRMATORY_8R,10,10976349321056788105,HYSTERESIS_PREDICTIVE_REASSIGNMENT,COMPLETED,True,0.01506494449074057,0.03583333333333335,0.02076838884259278,0.5795829444444494,0.0,0.035833333333333335,187,143,0.7647058823529411,0,1.1700000000000088,1.6042780748663101,2.8125000000000284,2.8125000000000284,2.812500000000057,0.0,220.61999999999574,59,3731,246,3200.0,671423.9999999863,3200.0,580,236,344,344,3.1016042780748663,0,0.0004687935648148069,0.000826565509259258,0.0004549240740740752,HYSTERESIS_PREDICTIVE_REASSIGNMENT,331,186,59,86,86,0.0,0.0,145,145,0,177,1,0.4380664652567976,145,145,59,86,100.0,0,186,145000.0,59000.0,86000.0,0.0,319000.0,5000.0,1089.3969444444479,8.555000000000007,1300,0,0.0,0.0,0,0,0,0,0,0.0,0,0,0,0,0,5124,613.8233333333313,0.0036658893518518396,0.0,1209.2166666667376,0.0007221710648148569,0.006499539583333715,847.0233333333335,0.0005058611574074076,0.004552750416666668,276.80333333333294,0.000826565509259258,0.000826565509259258,76.17333333333352,0.00045492407407407516,0.0,0.0,0.0,0.0,2976.9599999999314,0.008889533333333127,0.008889533333333127,0.006499539583333715,0.004552750416666668,0.000826565509259258,0.00045492407407407516,0.020768388842592765,5.616304397583008,60.94921875,4d012b751bad4987ee8f0032cc87489f722251b52e52090621b8bffd21aa78a8,6b7ea6ed33dd5b004979df72b31a2e436bd555a5ec60d2c8ff5abe464d4f19e5,891e4a14f0c28fc9e1f4bf931ed34c3c90eb9983cf9b37e71f3b23a31aabbdd9
8r-R03_REVISED_PLUS_REASSIGNMENT-s11,R03_REVISED_PLUS_REASSIGNMENT,EXPLORATORY,CONFIRMATORY_8R,11,5449705730174009532,HYSTERESIS_PREDICTIVE_REASSIGNMENT,COMPLETED,True,0.015281538576388696,0.035833333333333356,0.020551794756944658,0.5735384583333389,0.0,0.035833333333333335,198,159,0.803030303030303,0,1.1462500000000375,1.5151515151515151,2.812500000000014,2.8125000000000284,2.812500000000057,0.0,227.54999999999515,48,3893,245,3200.0,697864.1666666514,3200.0,608,188,416,420,3.0707070707070705,0,0.000496807268518509,0.0007292182870370377,0.00039187233796296217,HYSTERESIS_PREDICTIVE_REASSIGNMENT,350,198,48,104,104,0.0,0.0,152,152,0,141,1,0.4342857142857143,152,153,47,106,100.0,0,197,152000.0,47000.0,104000.0,0.0,334400.0,5000.0,1096.8883333333433,7.915000000000031,1188,0,0.0,0.0,0,0,0,0,0,0.0,0,0,0,0,0,4909,599.5633333333329,0.003580725462962959,0.0,1044.3700000000772,0.0006237209722222684,0.005613488750000416,890.1808333333333,0.000531635775462963,0.0047847219791666675,244.20333333333355,0.0007292182870370377,0.0007292182870370377,65.6158333333332,0.00039187233796296217,0.0,0.0,0.0,0.0,3156.0666666665907,0.009424365740740513,0.009424365740740513,0.005613488750000416,0.0047847219791666675,0.0007292182870370377,0.00039187233796296217,0.020551794756944634,4.344437599182129,60.52734375,29bfc2e56dcb486783cdeb6497b3c2b6c06b040bd51308098ba42f0c5bfd6c3c,6b7ea6ed33dd5b004979df72b31a2e436bd555a5ec60d2c8ff5abe464d4f19e5,5bda4bca4129c6ec9b718084e0b11ca61e96bda0be82f50054d1acc2b163b442
