family,gamma_scenario,gamma,seed,energy_kwh,carbon_kg,carbon_per_block_kg,carbon_per_tx_g
PoW_BTC,low,0.05,20260101,549367770.9649522,27468388.548247613,178366.15940420527,89183.07970210265
PoW_BTC,low,0.05,20260102,507498895.64628017,25374944.78231401,161623.85211664974,80811.92605832487
PoW_BTC,low,0.05,20260103,449671040.4439793,22483552.022198968,167787.70165820126,83893.85082910063
PoW_BTC,low,0.05,20260104,437064908.2848787,21853245.414243937,161875.8919573625,80937.94597868124
PoW_BTC,low,0.05,20260105,482242044.3484006,24112102.21742003,152608.24188240524,76304.12094120262
PoW_BTC,low,0.05,20260106,387241845.9226178,19362092.296130892,165487.96834299908,82743.98417149953
PoW_BTC,low,0.05,20260107,464685894.96426266,23234294.748213135,163621.79400150094,81810.89700075047
PoW_BTC,low,0.05,20260108,457942651.8881643,22897132.594408214,149654.46140136087,74827.23070068043
PoW_BTC,low,0.05,20260109,494488353.8848481,24724417.694242407,162660.642725279,81330.3213626395
PoW_BTC,low,0.05,20260110,494926902.2306805,24746345.11153403,160690.5526722989,80345.27633614944
PoW_BTC,low,0.05,20260111,386414687.8667808,19320734.39333904,168006.38602903514,84003.19301451757
PoW_BTC,low,0.05,20260112,435116558.00712657,21755827.90035633,166075.02214012467,83037.51107006232
PoW_BTC,low,0.05,20260113,497273025.9042666,24863651.29521333,175096.13588178402,87548.06794089201
PoW_BTC,low,0.05,20260114,411978781.7519651,20598939.087598257,166120.47651288917,83060.23825644457
PoW_BTC,low,0.05,20260115,500841744.5572435,25042087.22786218,164750.57386751435,82375.28693375716
PoW_BTC,low,0.05,20260116,510696029.61518633,25534801.48075932,173706.13252217224,86853.06626108612
PoW_BTC,low,0.05,20260117,397762068.7990887,19888103.439954437,154171.34449577084,77085.6722478854
PoW_BTC,low,0.05,20260118,516142291.6703941,25807114.58351971,169783.64857578755,84891.82428789379
PoW_BTC,low,0.05,20260119,507690339.0915799,25384516.954578996,160661.49971252528,80330.74985626264
PoW_BTC,low,0.05,20260120,471962436.3809922,23598121.81904961,178773.65014431524,89386.82507215762
PoW_BTC,low,0.05,20260121,529009969.7354031,26450498.486770157,176336.65657846772,88168.32828923386
PoW_BTC,low,0.05,20260122,465411312.75627613,23270565.637813807,169858.14334170663,84929.0716708533
PoW_BTC,low,0.05,20260123,400666616.5415463,20033330.827077314,160266.64661661853,80133.32330830926
PoW_BTC,low,0.05,20260124,467774059.2496601,23388702.962483004,170720.45958016792,85360.22979008395
PoW_BTC,low,0.05,20260125,489757304.6412692,24487865.23206346,154011.73101926706,77005.86550963353
PoW_BTC,low,0.05,20260126,552055622.7773468,27602781.138867345,176940.90473632913,88470.45236816457
PoW_BTC,low,0.05,20260127,446496708.98751503,22324835.449375752,151869.62890731805,75934.81445365901
PoW_BTC,low,0.05,20260128,414605142.3820009,20730257.11910005,143960.11888263922,71980.05944131961
PoW_BTC,low,0.05,20260129,450412343.31034666,22520617.165517334,168064.30720535325,84032.15360267661
PoW_BTC,low,0.05,20260130,447144774.754443,22357238.73772215,164391.46130678052,82195.73065339026
PoW_BTC,average,0.475,20260101,549367770.9649522,260949691.2083523,1694478.51433995,847239.257169975
PoW_BTC,average,0.475,20260102,507498895.64628017,241061975.43198308,1535426.5951081724,767713.2975540862
PoW_BTC,average,0.475,20260103,449671040.4439793,213593744.21089017,1593983.1657529117,796991.5828764559
PoW_BTC,average,0.475,20260104,437064908.2848787,207605831.43531737,1537820.9735949435,768910.4867974718
PoW_BTC,average,0.475,20260105,482242044.3484006,229064971.06549028,1449778.2978828498,724889.1489414249
PoW_BTC,average,0.475,20260106,387241845.9226178,183939876.81324345,1572135.699258491,786067.8496292456
PoW_BTC,average,0.475,20260107,464685894.96426266,220725800.10802475,1554407.0430142588,777203.5215071294
PoW_BTC,average,0.475,20260108,457942651.8881643,217522759.64687803,1421717.3833129283,710858.6916564642
PoW_BTC,average,0.475,20260109,494488353.8848481,234881968.09530285,1545276.1058901504,772638.0529450752
PoW_BTC,average,0.475,20260110,494926902.2306805,235090278.55957323,1526560.2503868393,763280.1251934196
PoW_BTC,average,0.475,20260111,386414687.8667808,183546976.7367209,1596060.667275834,798030.333637917
PoW_BTC,average,0.475,20260112,435116558.00712657,206680365.0533851,1577712.710331184,788856.355165592
PoW_BTC,average,0.475,20260113,497273025.9042666,236204687.30452663,1663413.290876948,831706.6454384741
PoW_BTC,average,0.475,20260114,411978781.7519651,195689921.33218342,1578144.526872447,789072.2634362235
PoW_BTC,average,0.475,20260115,500841744.5572435,237899828.66469067,1565130.451741386,782565.225870693
PoW_BTC,average,0.475,20260116,510696029.61518633,242580614.0672135,1650208.258960636,825104.129480318
PoW_BTC,average,0.475,20260117,397762068.7990887,188936982.67956713,1464627.7727098227,732313.8863549114
PoW_BTC,average,0.475,20260118,516142291.6703941,245167588.54343718,1612944.6614699815,806472.3307349907
PoW_BTC,average,0.475,20260119,507690339.0915799,241152911.06850046,1526284.2472689901,763142.1236344951
PoW_BTC,average,0.475,20260120,471962436.3809922,224182157.28097126,1698349.6763709944,849174.8381854971
PoW_BTC,average,0.475,20260121,529009969.7354031,251279735.62431648,1675198.2374954433,837599.1187477217
PoW_BTC,average,0.475,20260122,465411312.75627613,221070373.55923116,1613652.361746213,806826.1808731065
PoW_BTC,average,0.475,20260123,400666616.5415463,190316642.85723448,1522533.142857876,761266.571428938
PoW_BTC,average,0.475,20260124,467774059.2496601,222192678.1435885,1621844.366011595,810922.1830057974
PoW_BTC,average,0.475,20260125,489757304.6412692,232634719.70460287,1463111.444683037,731555.7223415185
PoW_BTC,average,0.475,20260126,552055622.7773468,262226420.81923974,1680938.5949951266,840469.2974975633
PoW_BTC,average,0.475,20260127,446496708.98751503,212085936.76906964,1442761.4746195213,721380.7373097606
PoW_BTC,average,0.475,20260128,414605142.3820009,196937442.6314504,1367621.1293850723,683810.5646925363
PoW_BTC,average,0.475,20260129,450412343.31034666,213945863.07241467,1596610.9184508557,798305.4592254278
PoW_BTC,average,0.475,20260130,447144774.754443,212393768.00836042,1561718.8824144148,780859.4412072074
PoW_BTC,high,0.82,20260101,549367770.9649522,450481572.1912608,2925205.0142289666,1462602.507114483
PoW_BTC,high,0.82,20260102,507498895.64628017,416149094.4299497,2650631.1747130556,1325315.5873565276
PoW_BTC,high,0.82,20260103,449671040.4439793,368730253.16406304,2751718.3071945,1375859.15359725
PoW_BTC,high,0.82,20260104,437064908.2848787,358393224.7936005,2654764.6281007444,1327382.3140503722
PoW_BTC,high,0.82,20260105,482242044.3484006,395438476.36568844,2502775.1668714457,1251387.5834357229
PoW_BTC,high,0.82,20260106,387241845.9226178,317538313.6565466,2714002.6808251846,1357001.3404125923
PoW_BTC,high,0.82,20260107,464685894.96426266,381042433.87069535,2683397.4216246153,1341698.7108123077
PoW_BTC,high,0.82,20260108,457942651.8881643,375512974.54829466,2454333.1669823183,1227166.583491159
PoW_BTC,high,0.82,20260109,494488353.8848481,405480450.1855754,2667634.5406945753,1333817.2703472876
PoW_BTC,high,0.82,20260110,494926902.2306805,405840059.829158,2635325.0638257014,1317662.5319128507
PoW_BTC,high,0.82,20260111,386414687.8667808,316860044.05076027,2755304.730876176,1377652.365438088
PoW_BTC,high,0.82,20260112,435116558.00712657,356795577.56584376,2723630.363098044,1361815.1815490222
PoW_BTC,high,0.82,20260113,497273025.9042666,407763881.2414986,2871576.6284612576,1435788.3142306288
PoW_BTC,high,0.82,20260114,411978781.7519651,337822601.0366114,2724375.814811382,1362187.907405691
PoW_BTC,high,0.82,20260115,500841744.5572435,410690230.5369397,2701909.4114272348,1350954.7057136174
PoW_BTC,high,0.82,20260116,510696029.61518633,418770744.2844528,2848780.5733636245,1424390.2866818123
PoW_BTC,high,0.82,20260117,397762068.7990887,326164896.41525275,2528410.0497306413,1264205.0248653207
PoW_BTC,high,0.82,20260118,516142291.6703941,423236679.16972315,2784451.8366429154,1392225.918321458
PoW_BTC,high,0.82,20260119,507690339.0915799,416306078.0550955,2634848.5952854147,1317424.2976427071
PoW_BTC,high,0.82,20260120,471962436.3809922,387009197.83241355,2931887.8623667695,1465943.9311833847
PoW_BTC,high,0.82,20260121,529009969.7354031,433788175.18303055,2891921.1678868704,1445960.583943435
PoW_BTC,high,0.82,20260122,465411312.75627613,381637276.4601464,2785673.5508039887,1392836.7754019944
PoW_BTC,high,0.82,20260123,400666616.5415463,328546625.56406796,2628373.004512544,1314186.5022562717
PoW_BTC,high,0.82,20260124,467774059.2496601,383574728.58472127,2799815.537114754,1399907.768557377
PoW_BTC,high,0.82,20260125,489757304.6412692,401600989.80584073,2525792.3887159796,1262896.1943579898
PoW_BTC,high,0.82,20260126,552055622.7773468,452685610.6774244,2901830.8376757973,1450915.4188378986
PoW_BTC,high,0.82,20260127,446496708.98751503,366127301.3697623,2490661.914080016,1245330.957040008
PoW_BTC,high,0.82,20260128,414605142.3820009,339976216.75324076,2360945.949675283,1180472.9748376415
PoW_BTC,high,0.82,20260129,450412343.31034666,369338121.5144842,2756254.638167793,1378127.3190838962
PoW_BTC,high,0.82,20260130,447144774.754443,366658715.29864323,2696019.9654312003,1348009.9827156
PoS_ETH,low,0.05,20260101,2365.6617853325333,118.28308926662667,0.01642820684258704,0.008214103421293518
PoS_ETH,low,0.05,20260102,2367.518023092805,118.37590115464025,0.016441097382588924,0.00822054869129446
PoS_ETH,low,0.05,20260103,2374.5980393886985,118.72990196943493,0.016490264162421518,0.008245132081210759
PoS_ETH,low,0.05,20260104,2371.495879682599,118.57479398412995,0.016468721386684714,0.008234360693342357
PoS_ETH,low,0.05,20260105,2369.683009320401,118.48415046602007,0.016456132009169455,0.008228066004584728
PoS_ETH,low,0.05,20260106,2377.8419639016956,118.89209819508478,0.016512791415983996,0.008256395707991998
PoS_ETH,low,0.05,20260107,2381.50948170871,119.07547408543552,0.016538260289643822,0.008269130144821911
PoS_ETH,low,0.05,20260108,2384.8348075911413,119.24174037955707,0.016561352830494036,0.00828067641524702
PoS_ETH,low,0.05,20260109,2367.669741652575,118.38348708262875,0.016442150983698438,0.008221075491849219
PoS_ETH,low,0.05,20260110,2366.7641367599554,118.33820683799777,0.016435862060833025,0.008217931030416513
PoS_ETH,low,0.05,20260111,2371.818600702044,118.5909300351022,0.016470962504875307,0.008235481252437653
PoS_ETH,low,0.05,20260112,2377.807262678404,118.89036313392022,0.0165125504352667,0.008256275217633348
PoS_ETH,low,0.05,20260113,2377.951100414022,118.89755502070112,0.01651354930843071,0.008256774654215355
PoS_ETH,low,0.05,20260114,2380.920457350192,119.0460228675096,0.016534169842709667,0.008267084921354834
PoS_ETH,low,0.05,20260115,2371.923180595958,118.5961590297979,0.016471688754138597,0.008235844377069299
PoS_ETH,low,0.05,20260116,2382.4662238955216,119.12331119477608,0.016544904332607788,0.008272452166303894
PoS_ETH,low,0.05,20260117,2384.2100991723664,119.21050495861833,0.01655701457758588,0.00827850728879294
PoS_ETH,low,0.05,20260118,2356.0283205675746,117.80141602837874,0.016361307781719268,0.008180653890859634
PoS_ETH,low,0.05,20260119,2378.3483076753405,118.91741538376704,0.016516307692189865,0.008258153846094933
PoS_ETH,low,0.05,20260120,2363.615847428182,118.1807923714091,0.016413998940473486,0.008206999470236743
PoS_ETH,low,0.05,20260121,2380.804184023984,119.0402092011992,0.016533362389055443,0.008266681194527723
PoS_ETH,low,0.05,20260122,2378.633066947117,118.93165334735586,0.016518285187132758,0.008259142593566379
PoS_ETH,low,0.05,20260123,2364.308604189697,118.21543020948485,0.01641880975131734,0.00820940487565867
PoS_ETH,low,0.05,20260124,2372.8949383747167,118.64474691873585,0.016478437072046645,0.008239218536023322
PoS_ETH,low,0.05,20260125,2384.0811826867703,119.20405913433852,0.016556119324213685,0.00827805966210684
PoS_ETH,low,0.05,20260126,2376.436609703211,118.82183048516056,0.016503032011827855,0.008251516005913928
PoS_ETH,low,0.05,20260127,2385.5016679793584,119.27508339896792,0.016565983805412212,0.008282991902706106
PoS_ETH,low,0.05,20260128,2366.9352371625528,118.34676185812765,0.016437050258073283,0.008218525129036643
PoS_ETH,low,0.05,20260129,2389.325691942698,119.46628459713492,0.016592539527379848,0.008296269763689926
PoS_ETH,low,0.05,20260130,2373.5936637586137,118.67968318793069,0.01648328933165704,0.00824164466582852
PoS_ETH,average,0.475,20260101,2365.6617853325333,1123.6893480329534,0.15606796500457687,0.07803398250228843
PoS_ETH,average,0.475,20260102,2367.518023092805,1124.5710609690823,0.15619042513459477,0.07809521256729739
PoS_ETH,average,0.475,20260103,2374.5980393886985,1127.9340687096317,0.1566575095430044,0.0783287547715022
PoS_ETH,average,0.475,20260104,2371.495879682599,1126.4605428492346,0.1564528531735048,0.07822642658675241
PoS_ETH,average,0.475,20260105,2369.683009320401,1125.5994294271904,0.1563332540871098,0.0781666270435549
PoS_ETH,average,0.475,20260106,2377.8419639016956,1129.4749328533053,0.15687151845184796,0.07843575922592398
PoS_ETH,average,0.475,20260107,2381.50948170871,1131.2170038116374,0.1571134727516163,0.07855673637580815
PoS_ETH,average,0.475,20260108,2384.8348075911413,1132.796533605792,0.15733285188969334,0.07866642594484667
PoS_ETH,average,0.475,20260109,2367.669741652575,1124.643127284973,0.15620043434513514,0.07810021717256757
PoS_ETH,average,0.475,20260110,2366.7641367599554,1124.2129649609788,0.15614068957791372,0.07807034478895686
PoS_ETH,average,0.475,20260111,2371.818600702044,1126.613835333471,0.1564741437963154,0.0782370718981577
PoS_ETH,average,0.475,20260112,2377.807262678404,1129.458449772242,0.1568692291350336,0.07843461456751681
PoS_ETH,average,0.475,20260113,2377.951100414022,1129.5267726966606,0.15687871843009174,0.07843935921504588
PoS_ETH,average,0.475,20260114,2380.920457350192,1130.9372172413412,0.15707461350574184,0.07853730675287092
PoS_ETH,average,0.475,20260115,2371.923180595958,1126.66351078308,0.15648104316431666,0.07824052158215833
PoS_ETH,average,0.475,20260116,2382.4662238955216,1131.6714563503726,0.15717659115977398,0.07858829557988699
PoS_ETH,average,0.475,20260117,2384.2100991723664,1132.499797106874,0.15729163848706584,0.07864581924353292
PoS_ETH,average,0.475,20260118,2356.0283205675746,1119.113452269598,0.15543242392633305,0.07771621196316653
PoS_ETH,average,0.475,20260119,2378.3483076753405,1129.7154461457867,0.1569049230758037,0.07845246153790185
PoS_ETH,average,0.475,20260120,2363.615847428182,1122.7175275283864,0.1559329899344981,0.07796649496724907
PoS_ETH,average,0.475,20260121,2380.804184023984,1130.8819874113924,0.15706694269602672,0.07853347134801336
PoS_ETH,average,0.475,20260122,2378.633066947117,1129.8507067998805,0.1569237092777612,0.07846185463888058
PoS_ETH,average,0.475,20260123,2364.308604189697,1123.0465869901059,0.1559786926375147,0.07798934631875735
PoS_ETH,average,0.475,20260124,2372.8949383747167,1127.1250957279904,0.1565451521844431,0.07827257609222155
PoS_ETH,average,0.475,20260125,2384.0811826867703,1132.438561776216,0.15728313358003,0.078641566790015
PoS_ETH,average,0.475,20260126,2376.436609703211,1128.8073896090252,0.1567788041123646,0.0783894020561823
PoS_ETH,average,0.475,20260127,2385.5016679793584,1133.1132922901952,0.157376846151416,0.078688423075708
PoS_ETH,average,0.475,20260128,2366.9352371625528,1124.2942376522126,0.1561519774516962,0.0780759887258481
PoS_ETH,average,0.475,20260129,2389.325691942698,1134.9297036727814,0.15762912551010855,0.07881456275505426
PoS_ETH,average,0.475,20260130,2373.5936637586137,1127.4569902853414,0.15659124865074187,0.07829562432537092
PoS_ETH,high,0.82,20260101,2365.6617853325333,1939.8426639726772,0.2694225922184274,0.1347112961092137
PoS_ETH,high,0.82,20260102,2367.518023092805,1941.3647789360998,0.2696339970744583,0.13481699853722914
PoS_ETH,high,0.82,20260103,2374.5980393886985,1947.1703922987326,0.2704403322637129,0.13522016613185642
PoS_ETH,high,0.82,20260104,2371.495879682599,1944.6266213397312,0.2700870307416293,0.13504351537081466
PoS_ETH,high,0.82,20260105,2369.683009320401,1943.1400676427288,0.269880564950379,0.13494028247518952
PoS_ETH,high,0.82,20260106,2377.8419639016956,1949.8304103993903,0.27080977922213756,0.13540488961106878
PoS_ETH,high,0.82,20260107,2381.50948170871,1952.8377750011423,0.27122746875015863,0.13561373437507934
PoS_ETH,high,0.82,20260108,2384.8348075911413,1955.5645422247358,0.2716061864201022,0.1358030932100511
PoS_ETH,high,0.82,20260109,2367.669741652575,1941.4891881551114,0.2696512761326544,0.1348256380663272
PoS_ETH,high,0.82,20260110,2366.7641367599554,1940.7465921431633,0.26954813779766157,0.13477406889883078
PoS_ETH,high,0.82,20260111,2371.818600702044,1944.891252575676,0.270123785079955,0.1350618925399775
PoS_ETH,high,0.82,20260112,2377.807262678404,1949.8019553962913,0.2708058271383738,0.1354029135691869
PoS_ETH,high,0.82,20260113,2377.951100414022,1949.919902339498,0.2708222086582636,0.1354111043291318
PoS_ETH,high,0.82,20260114,2380.920457350192,1952.3547750271573,0.2711603854204385,0.13558019271021926
PoS_ETH,high,0.82,20260115,2371.923180595958,1944.9770080886854,0.270135695567873,0.1350678477839365
PoS_ETH,high,0.82,20260116,2382.4662238955216,1953.6223035943276,0.27133643105476773,0.13566821552738387
PoS_ETH,high,0.82,20260117,2384.2100991723664,1955.0522813213404,0.2715350390724084,0.1357675195362042
PoS_ETH,high,0.82,20260118,2356.0283205675746,1931.9432228654111,0.268325447620196,0.134162723810098
PoS_ETH,high,0.82,20260119,2378.3483076753405,1950.245612293779,0.27086744615191377,0.13543372307595689
PoS_ETH,high,0.82,20260120,2363.615847428182,1938.164994891109,0.26918958262376513,0.13459479131188257
PoS_ETH,high,0.82,20260121,2380.804184023984,1952.2594308996668,0.27114714318050925,0.13557357159025465
PoS_ETH,high,0.82,20260122,2378.633066947117,1950.479114896636,0.2708998770689772,0.1354499385344886
PoS_ETH,high,0.82,20260123,2364.308604189697,1938.7330554355513,0.26926847992160435,0.13463423996080218
PoS_ETH,high,0.82,20260124,2372.8949383747167,1945.7738494672676,0.27024636798156493,0.13512318399078246
PoS_ETH,high,0.82,20260125,2384.0811826867703,1954.9465698031515,0.27152035691710436,0.13576017845855218
PoS_ETH,high,0.82,20260126,2376.436609703211,1948.678019956633,0.2706497249939768,0.1353248624969884
PoS_ETH,high,0.82,20260127,2385.5016679793584,1956.1113677430737,0.27168213440876027,0.13584106720438013
PoS_ETH,high,0.82,20260128,2366.9352371625528,1940.886894473293,0.2695676242324018,0.1347838121162009
PoS_ETH,high,0.82,20260129,2389.325691942698,1959.2470673930122,0.27211764824902945,0.13605882412451475
PoS_ETH,high,0.82,20260130,2373.5936637586137,1946.3468042820632,0.27032594503917545,0.13516297251958773
