run_id,protocol,N,seed_index,block_index,interval_s
8XP_N100_POW_seed001,POW,100,1,1,44.79752492822292
8XP_N100_POW_seed001,POW,100,1,2,828.7574711284184
8XP_N100_POW_seed001,POW,100,1,3,1283.7367291761484
8XP_N100_POW_seed001,POW,100,1,4,24.72456238198174
8XP_N100_POW_seed001,POW,100,1,5,74.93551446445372
8XP_N100_POW_seed001,POW,100,1,6,621.1705921989201
8XP_N100_POW_seed001,POW,100,1,7,463.6665374133827
8XP_N100_POW_seed001,POW,100,1,8,1547.8896052215532
8XP_N100_POW_seed001,POW,100,1,9,14.935730087073352
8XP_N100_POW_seed001,POW,100,1,10,380.5386361844503
8XP_N100_POW_seed001,POW,100,1,11,79.44722366948827
8XP_N100_POW_seed001,POW,100,1,12,106.38006859959114
8XP_N100_POW_seed001,POW,100,1,13,214.05073979876852
8XP_N100_POW_seed001,POW,100,1,14,544.4376820569632
8XP_N100_POW_seed001,POW,100,1,15,192.87852653911705
8XP_N100_POW_seed001,POW,100,1,16,2338.9728577290743
8XP_N100_POW_seed001,POW,100,1,17,586.4090899776074
8XP_N100_POCOL_seed001,POCOL,100,1,1,44.79752492822292
8XP_N100_POCOL_seed001,POCOL,100,1,2,830.84366291753
8XP_N100_POCOL_seed001,POCOL,100,1,3,1290.855018156827
8XP_N100_POCOL_seed001,POCOL,100,1,4,24.72456238198174
8XP_N100_POCOL_seed001,POCOL,100,1,5,74.93551446445372
8XP_N100_POCOL_seed001,POCOL,100,1,6,624.127139865408
8XP_N100_POCOL_seed001,POCOL,100,1,7,463.66653741338223
8XP_N100_POCOL_seed001,POCOL,100,1,8,1552.911867288698
8XP_N100_POCOL_seed001,POCOL,100,1,9,14.935730087073352
8XP_N100_POCOL_seed001,POCOL,100,1,10,380.5386361844503
8XP_N100_POCOL_seed001,POCOL,100,1,11,79.44722366948827
8XP_N100_POCOL_seed001,POCOL,100,1,12,106.38006859959114
8XP_N100_POCOL_seed001,POCOL,100,1,13,214.05073979876852
8XP_N100_POCOL_seed001,POCOL,100,1,14,544.4376820569632
8XP_N100_POCOL_seed001,POCOL,100,1,15,192.87852653911705
8XP_N100_POCOL_seed001,POCOL,100,1,16,2345.012969309523
8XP_N100_POCOL_seed001,POCOL,100,1,17,586.4090899776074
8XP_N100_POWMT_seed001,POWMT,100,1,1,942.7869104762724
8XP_N100_POWMT_seed001,POWMT,100,1,2,16.348003070075833
8XP_N100_POWMT_seed001,POWMT,100,1,3,2664.786182097205
8XP_N100_POWMT_seed001,POWMT,100,1,4,1279.9351996513583
8XP_N100_POWMT_seed001,POWMT,100,1,5,607.9043156202761
8XP_N100_POWMT_seed001,POWMT,100,1,6,847.9131382318401
8XP_N100_POWMT_seed001,POWMT,100,1,7,82.22451755863767
8XP_N100_POWMT_seed001,POWMT,100,1,8,464.3635961075488
8XP_N100_POWMT_seed001,POWMT,100,1,9,414.9756763631776
8XP_N100_POWMT_seed001,POWMT,100,1,10,1347.2756839752592
8XP_N100_POWMT_seed001,POWMT,100,1,11,59.0736106975437
8XP_N100_POWMT_seed001,POWMT,100,1,12,252.9936183036989
8XP_N100_POWMT_seed001,POWMT,100,1,13,42.12728483026331
8XP_N100_POWMT_seed001,POWMT,100,1,14,773.764389021826
8XP_N100_POW_seed002,POW,100,2,1,131.48219391379047
8XP_N100_POW_seed002,POW,100,2,2,551.8400214817357
8XP_N100_POW_seed002,POW,100,2,3,138.8283056237358
8XP_N100_POW_seed002,POW,100,2,4,75.90756869241181
8XP_N100_POW_seed002,POW,100,2,5,62.08960620780124
8XP_N100_POW_seed002,POW,100,2,6,181.11765081886313
8XP_N100_POW_seed002,POW,100,2,7,820.4627551178846
8XP_N100_POW_seed002,POW,100,2,8,877.3128885971903
8XP_N100_POW_seed002,POW,100,2,9,517.9331101966122
8XP_N100_POW_seed002,POW,100,2,10,306.78635073559553
8XP_N100_POW_seed002,POW,100,2,11,1237.3310381551205
8XP_N100_POW_seed002,POW,100,2,12,1434.9430198251403
8XP_N100_POW_seed002,POW,100,2,13,525.7706830779616
8XP_N100_POW_seed002,POW,100,2,14,542.7503984601153
8XP_N100_POW_seed002,POW,100,2,15,646.7714522301967
8XP_N100_POW_seed002,POW,100,2,16,79.40579723078827
8XP_N100_POW_seed002,POW,100,2,17,574.0876681721793
8XP_N100_POCOL_seed002,POCOL,100,2,1,131.48219391379047
8XP_N100_POCOL_seed002,POCOL,100,2,2,551.8400214817357
8XP_N100_POCOL_seed002,POCOL,100,2,3,138.8283056237358
8XP_N100_POCOL_seed002,POCOL,100,2,4,75.90756869241181
8XP_N100_POCOL_seed002,POCOL,100,2,5,62.08960620780124
8XP_N100_POCOL_seed002,POCOL,100,2,6,181.11765081886313
8XP_N100_POCOL_seed002,POCOL,100,2,7,823.4782100538243
8XP_N100_POCOL_seed002,POCOL,100,2,8,879.1912742622526
8XP_N100_POCOL_seed002,POCOL,100,2,9,517.9331101966122
8XP_N100_POCOL_seed002,POCOL,100,2,10,306.78635073559553
8XP_N100_POCOL_seed002,POCOL,100,2,11,1241.883874352768
8XP_N100_POCOL_seed002,POCOL,100,2,12,1439.2793688318734
8XP_N100_POCOL_seed002,POCOL,100,2,13,525.7706830779616
8XP_N100_POCOL_seed002,POCOL,100,2,14,542.7503984601153
8XP_N100_POCOL_seed002,POCOL,100,2,15,648.7765183890833
8XP_N100_POCOL_seed002,POCOL,100,2,16,79.40579723078827
8XP_N100_POCOL_seed002,POCOL,100,2,17,574.0876681721784
8XP_N100_POWMT_seed002,POWMT,100,2,1,321.86259064056856
8XP_N100_POWMT_seed002,POWMT,100,2,2,871.4209821367868
8XP_N100_POWMT_seed002,POWMT,100,2,3,62.73886715488561
8XP_N100_POWMT_seed002,POWMT,100,2,4,846.3349116416093
8XP_N100_POWMT_seed002,POWMT,100,2,5,1781.2650198570777
8XP_N100_POWMT_seed002,POWMT,100,2,6,109.40762188374538
8XP_N100_POWMT_seed002,POWMT,100,2,7,0.7024828672429067
8XP_N100_POWMT_seed002,POWMT,100,2,8,1446.8204545433646
8XP_N100_POWMT_seed002,POWMT,100,2,9,136.97321866498896
8XP_N100_POWMT_seed002,POWMT,100,2,10,764.6071659812224
8XP_N100_POWMT_seed002,POWMT,100,2,11,2538.1478096992732
8XP_N100_POWMT_seed002,POWMT,100,2,12,326.0089349949794
8XP_N100_POW_seed003,POW,100,3,1,41.00947893431206
8XP_N100_POW_seed003,POW,100,3,2,2069.7514890039565
8XP_N100_POW_seed003,POW,100,3,3,69.87641769382299
8XP_N100_POW_seed003,POW,100,3,4,940.926767813693
8XP_N100_POW_seed003,POW,100,3,5,545.429375052247
8XP_N100_POW_seed003,POW,100,3,6,13.914770964784566
8XP_N100_POW_seed003,POW,100,3,7,669.6087683188298
8XP_N100_POW_seed003,POW,100,3,8,940.3379012890064
8XP_N100_POW_seed003,POW,100,3,9,433.7628149603088
8XP_N100_POW_seed003,POW,100,3,10,877.8381301416175
8XP_N100_POW_seed003,POW,100,3,11,607.5458480309571
8XP_N100_POW_seed003,POW,100,3,12,92.04607061694423
8XP_N100_POW_seed003,POW,100,3,13,84.31657922181421
8XP_N100_POW_seed003,POW,100,3,14,315.19181370684873
8XP_N100_POW_seed003,POW,100,3,15,21.270728270063955
8XP_N100_POW_seed003,POW,100,3,16,84.97497090381239
8XP_N100_POW_seed003,POW,100,3,17,358.8526429607846
8XP_N100_POW_seed003,POW,100,3,18,1016.3231782679186
8XP_N100_POW_seed003,POW,100,3,19,111.1606452301221
8XP_N100_POCOL_seed003,POCOL,100,3,1,41.00947893431206
8XP_N100_POCOL_seed003,POCOL,100,3,2,2075.262029846914
8XP_N100_POCOL_seed003,POCOL,100,3,3,69.87641769382299
8XP_N100_POCOL_seed003,POCOL,100,3,4,944.6361211227522
8XP_N100_POCOL_seed003,POCOL,100,3,5,545.429375052247
8XP_N100_POCOL_seed003,POCOL,100,3,6,13.914770964784566
8XP_N100_POCOL_seed003,POCOL,100,3,7,671.1580970572245
8XP_N100_POCOL_seed003,POCOL,100,3,8,942.0876865572418
8XP_N100_POCOL_seed003,POCOL,100,3,9,433.7628149603088
8XP_N100_POCOL_seed003,POCOL,100,3,10,880.6593323174902
8XP_N100_POCOL_seed003,POCOL,100,3,11,609.9374144820558
8XP_N100_POCOL_seed003,POCOL,100,3,12,92.04607061694423
8XP_N100_POCOL_seed003,POCOL,100,3,13,84.31657922181421
8XP_N100_POCOL_seed003,POCOL,100,3,14,315.19181370684873
8XP_N100_POCOL_seed003,POCOL,100,3,15,21.270728270063955
8XP_N100_POCOL_seed003,POCOL,100,3,16,84.97497090381239
8XP_N100_POCOL_seed003,POCOL,100,3,17,358.8526429607846
8XP_N100_POCOL_seed003,POCOL,100,3,18,1018.4991938159756
8XP_N100_POCOL_seed003,POCOL,100,3,19,111.1606452301221
8XP_N100_POWMT_seed003,POWMT,100,3,1,757.5881772238404
8XP_N100_POWMT_seed003,POWMT,100,3,2,196.2897801433287
8XP_N100_POWMT_seed003,POWMT,100,3,3,752.3204375946441
8XP_N100_POWMT_seed003,POWMT,100,3,4,417.4033498733445
8XP_N100_POWMT_seed003,POWMT,100,3,5,1844.6663458031721
8XP_N100_POWMT_seed003,POWMT,100,3,6,145.99029217285033
8XP_N100_POWMT_seed003,POWMT,100,3,7,984.3346211958842
8XP_N100_POWMT_seed003,POWMT,100,3,8,1315.0964108958979
8XP_N100_POWMT_seed003,POWMT,100,3,9,1013.4992088110403
8XP_N100_POWMT_seed003,POWMT,100,3,10,471.6920041618405
8XP_N100_POWMT_seed003,POWMT,100,3,11,905.7325257716611
8XP_N100_POWMT_seed003,POWMT,100,3,12,83.3512052545193
8XP_N100_POW_seed004,POW,100,4,1,102.91751111644582
8XP_N100_POW_seed004,POW,100,4,2,593.2353889108861
8XP_N100_POW_seed004,POW,100,4,3,1091.5946652479083
8XP_N100_POW_seed004,POW,100,4,4,1875.9395381812699
8XP_N100_POW_seed004,POW,100,4,5,1332.0772130679006
8XP_N100_POW_seed004,POW,100,4,6,269.6018418441563
8XP_N100_POW_seed004,POW,100,4,7,272.8479780161215
8XP_N100_POW_seed004,POW,100,4,8,88.21623935918888
8XP_N100_POW_seed004,POW,100,4,9,210.14388056521238
8XP_N100_POW_seed004,POW,100,4,10,56.56543285198313
8XP_N100_POW_seed004,POW,100,4,11,714.3357732737786
8XP_N100_POW_seed004,POW,100,4,12,393.23357702015255
8XP_N100_POW_seed004,POW,100,4,13,157.92021883515918
8XP_N100_POW_seed004,POW,100,4,14,245.62441591239622
8XP_N100_POW_seed004,POW,100,4,15,206.775055107948
8XP_N100_POW_seed004,POW,100,4,16,885.1916151861124
8XP_N100_POW_seed004,POW,100,4,17,243.58362430857596
8XP_N100_POW_seed004,POW,100,4,18,170.18456052549118
8XP_N100_POW_seed004,POW,100,4,19,712.6468120591271
8XP_N100_POCOL_seed004,POCOL,100,4,1,102.91751111644582
8XP_N100_POCOL_seed004,POCOL,100,4,2,593.2353889108861
8XP_N100_POCOL_seed004,POCOL,100,4,3,1093.1497018474329
8XP_N100_POCOL_seed004,POCOL,100,4,4,1883.1313368562915
8XP_N100_POCOL_seed004,POCOL,100,4,5,1337.1391753923294
8XP_N100_POCOL_seed004,POCOL,100,4,6,269.6018418441563
8XP_N100_POCOL_seed004,POCOL,100,4,7,272.8479780161215
8XP_N100_POCOL_seed004,POCOL,100,4,8,88.21623935918888
8XP_N100_POCOL_seed004,POCOL,100,4,9,210.14388056521238
8XP_N100_POCOL_seed004,POCOL,100,4,10,56.56543285198313
8XP_N100_POCOL_seed004,POCOL,100,4,11,716.6983939276352
8XP_N100_POCOL_seed004,POCOL,100,4,12,393.23357702015255
8XP_N100_POCOL_seed004,POCOL,100,4,13,157.92021883515918
8XP_N100_POCOL_seed004,POCOL,100,4,14,245.62441591239622
8XP_N100_POCOL_seed004,POCOL,100,4,15,206.775055107948
8XP_N100_POCOL_seed004,POCOL,100,4,16,887.6381435828243
8XP_N100_POCOL_seed004,POCOL,100,4,17,243.58362430857596
8XP_N100_POCOL_seed004,POCOL,100,4,18,170.18456052549118
8XP_N100_POCOL_seed004,POCOL,100,4,19,713.9826997468135
8XP_N100_POWMT_seed004,POWMT,100,4,1,703.1918859360525
8XP_N100_POWMT_seed004,POWMT,100,4,2,18.57408748540638
8XP_N100_POWMT_seed004,POWMT,100,4,3,487.7797318390027
8XP_N100_POWMT_seed004,POWMT,100,4,4,4.362030228958702
8XP_N100_POWMT_seed004,POWMT,100,4,5,920.4854839199033
8XP_N100_POWMT_seed004,POWMT,100,4,6,626.14974390407
8XP_N100_POWMT_seed004,POWMT,100,4,7,79.38401491482455
8XP_N100_POWMT_seed004,POWMT,100,4,8,65.83099298859588
8XP_N100_POWMT_seed004,POWMT,100,4,9,1281.7758128510327
8XP_N100_POWMT_seed004,POWMT,100,4,10,622.1958701149078
8XP_N100_POWMT_seed004,POWMT,100,4,11,227.19242292444324
8XP_N100_POWMT_seed004,POWMT,100,4,12,997.8133844632002
8XP_N100_POWMT_seed004,POWMT,100,4,13,639.5328337235214
8XP_N100_POWMT_seed004,POWMT,100,4,14,1247.5496616374394
8XP_N100_POWMT_seed004,POWMT,100,4,15,388.4356888932898
8XP_N100_POWMT_seed004,POWMT,100,4,16,198.39426804818686
8XP_N100_POWMT_seed004,POWMT,100,4,17,74.92140688376276
8XP_N100_POWMT_seed004,POWMT,100,4,18,77.44056753662335
8XP_N100_POWMT_seed004,POWMT,100,4,19,449.63730885191944
8XP_N100_POWMT_seed004,POWMT,100,4,20,605.37953231147
8XP_N100_POW_seed005,POW,100,5,1,387.0061361026799
8XP_N100_POW_seed005,POW,100,5,2,163.21794342799717
8XP_N100_POW_seed005,POW,100,5,3,59.28889084627792
8XP_N100_POW_seed005,POW,100,5,4,7.465528326816752
8XP_N100_POW_seed005,POW,100,5,5,565.5388659272485
8XP_N100_POW_seed005,POW,100,5,6,1557.0052249293924
8XP_N100_POW_seed005,POW,100,5,7,78.66393511542174
8XP_N100_POW_seed005,POW,100,5,8,60.407760129769486
8XP_N100_POW_seed005,POW,100,5,9,23.01429938326828
8XP_N100_POW_seed005,POW,100,5,10,781.0431195927649
8XP_N100_POW_seed005,POW,100,5,11,198.2438007553701
8XP_N100_POW_seed005,POW,100,5,12,588.8272411348994
8XP_N100_POW_seed005,POW,100,5,13,164.02936671792213
8XP_N100_POW_seed005,POW,100,5,14,171.23817978852094
8XP_N100_POW_seed005,POW,100,5,15,1840.9082655259817
8XP_N100_POW_seed005,POW,100,5,16,1473.1674509064387
8XP_N100_POW_seed005,POW,100,5,17,108.78450362732019
8XP_N100_POW_seed005,POW,100,5,18,99.19099282669958
8XP_N100_POW_seed005,POW,100,5,19,203.52434952332078
8XP_N100_POCOL_seed005,POCOL,100,5,1,387.0061361026799
8XP_N100_POCOL_seed005,POCOL,100,5,2,163.21794342799717
8XP_N100_POCOL_seed005,POCOL,100,5,3,59.28889084627792
8XP_N100_POCOL_seed005,POCOL,100,5,4,7.465528326816752
8XP_N100_POCOL_seed005,POCOL,100,5,5,565.5388659272485
8XP_N100_POCOL_seed005,POCOL,100,5,6,1561.087143304427
8XP_N100_POCOL_seed005,POCOL,100,5,7,78.66393511542174
8XP_N100_POCOL_seed005,POCOL,100,5,8,60.407760129769486
8XP_N100_POCOL_seed005,POCOL,100,5,9,23.01429938326828
8XP_N100_POCOL_seed005,POCOL,100,5,10,784.1129036102625
8XP_N100_POCOL_seed005,POCOL,100,5,11,198.2438007553701
8XP_N100_POCOL_seed005,POCOL,100,5,12,588.8272411348989
8XP_N100_POCOL_seed005,POCOL,100,5,13,164.02936671792213
8XP_N100_POCOL_seed005,POCOL,100,5,14,171.23817978852094
8XP_N100_POCOL_seed005,POCOL,100,5,15,1847.367685899857
8XP_N100_POCOL_seed005,POCOL,100,5,16,1478.0011112598177
8XP_N100_POCOL_seed005,POCOL,100,5,17,108.7845036273211
8XP_N100_POCOL_seed005,POCOL,100,5,18,99.19099282669958
8XP_N100_POCOL_seed005,POCOL,100,5,19,203.52434952332078
8XP_N100_POWMT_seed005,POWMT,100,5,1,209.0300146843038
8XP_N100_POWMT_seed005,POWMT,100,5,2,576.8698928263809
8XP_N100_POWMT_seed005,POWMT,100,5,3,173.50470550769023
8XP_N100_POWMT_seed005,POWMT,100,5,4,1033.909191874164
8XP_N100_POWMT_seed005,POWMT,100,5,5,144.30550019777365
8XP_N100_POWMT_seed005,POWMT,100,5,6,2025.182123793425
8XP_N100_POWMT_seed005,POWMT,100,5,7,799.9434387556994
8XP_N100_POWMT_seed005,POWMT,100,5,8,1657.1973971432762
8XP_N100_POWMT_seed005,POWMT,100,5,9,1086.905103025927
8XP_N100_POWMT_seed005,POWMT,100,5,10,364.8147972970846
8XP_N300_POW_seed001,POW,300,1,1,162.22041379570052
8XP_N300_POW_seed001,POW,300,1,2,896.392931912658
8XP_N300_POW_seed001,POW,300,1,3,107.20661116752467
8XP_N300_POW_seed001,POW,300,1,4,654.6551979525491
8XP_N300_POW_seed001,POW,300,1,5,25.038081058543185
8XP_N300_POW_seed001,POW,300,1,6,191.38335846909308
8XP_N300_POW_seed001,POW,300,1,7,133.12494101232573
8XP_N300_POW_seed001,POW,300,1,8,202.31764228038446
8XP_N300_POW_seed001,POW,300,1,9,1677.8154950742482
8XP_N300_POW_seed001,POW,300,1,10,517.5559170453134
8XP_N300_POW_seed001,POW,300,1,11,102.65935877999709
8XP_N300_POW_seed001,POW,300,1,12,380.79481314269833
8XP_N300_POW_seed001,POW,300,1,13,79.8356663539671
8XP_N300_POW_seed001,POW,300,1,14,84.00473264650918
8XP_N300_POW_seed001,POW,300,1,15,1104.1259505664357
8XP_N300_POW_seed001,POW,300,1,16,194.0944578730523
8XP_N300_POW_seed001,POW,300,1,17,713.0553579536945
8XP_N300_POW_seed001,POW,300,1,18,1017.6832285302489
8XP_N300_POW_seed001,POW,300,1,19,49.947765233640894
8XP_N300_POW_seed001,POW,300,1,20,364.3903900433961
8XP_N300_POW_seed001,POW,300,1,21,490.1841623644268
8XP_N300_POCOL_seed001,POCOL,300,1,1,162.22041379570052
8XP_N300_POCOL_seed001,POCOL,300,1,2,898.706583228764
8XP_N300_POCOL_seed001,POCOL,300,1,3,107.20661116752467
8XP_N300_POCOL_seed001,POCOL,300,1,4,657.7646434162289
8XP_N300_POCOL_seed001,POCOL,300,1,5,25.038081058543185
8XP_N300_POCOL_seed001,POCOL,300,1,6,191.38335846909308
8XP_N300_POCOL_seed001,POCOL,300,1,7,133.12494101232573
8XP_N300_POCOL_seed001,POCOL,300,1,8,202.31764228038446
8XP_N300_POCOL_seed001,POCOL,300,1,9,1683.8359103668085
8XP_N300_POCOL_seed001,POCOL,300,1,10,517.5559170453139
8XP_N300_POCOL_seed001,POCOL,300,1,11,102.65935877999709
8XP_N300_POCOL_seed001,POCOL,300,1,12,380.79481314269833
8XP_N300_POCOL_seed001,POCOL,300,1,13,79.8356663539671
8XP_N300_POCOL_seed001,POCOL,300,1,14,84.00473264650918
8XP_N300_POCOL_seed001,POCOL,300,1,15,1107.1583663844158
8XP_N300_POCOL_seed001,POCOL,300,1,16,194.0944578730523
8XP_N300_POCOL_seed001,POCOL,300,1,17,715.2969972163582
8XP_N300_POCOL_seed001,POCOL,300,1,18,1019.6261212155314
8XP_N300_POCOL_seed001,POCOL,300,1,19,49.947765233640894
8XP_N300_POCOL_seed001,POCOL,300,1,20,364.3903900433961
8XP_N300_POCOL_seed001,POCOL,300,1,21,490.1841623644268
8XP_N300_POWMT_seed001,POWMT,300,1,1,1873.8132123175924
8XP_N300_POWMT_seed001,POWMT,300,1,2,160.5343242122733
8XP_N300_POWMT_seed001,POWMT,300,1,3,2159.0057455566775
8XP_N300_POWMT_seed001,POWMT,300,1,4,1785.1949968443023
8XP_N300_POWMT_seed001,POWMT,300,1,5,874.3478870169756
8XP_N300_POWMT_seed001,POWMT,300,1,6,473.7568522827978
8XP_N300_POWMT_seed001,POWMT,300,1,7,323.36207414143155
8XP_N300_POWMT_seed001,POWMT,300,1,8,54.52090121928268
8XP_N300_POWMT_seed001,POWMT,300,1,9,670.1897765061785
8XP_N300_POWMT_seed001,POWMT,300,1,10,597.3617295754193
8XP_N300_POWMT_seed001,POWMT,300,1,11,91.35071225954744
8XP_N300_POWMT_seed001,POWMT,300,1,12,42.307497348156176
8XP_N300_POWMT_seed001,POWMT,300,1,13,183.47874361344475
8XP_N300_POW_seed002,POW,300,2,1,863.0390524542095
8XP_N300_POW_seed002,POW,300,2,2,606.2172138104461
8XP_N300_POW_seed002,POW,300,2,3,155.23814376499126
8XP_N300_POW_seed002,POW,300,2,4,168.95780072179195
8XP_N300_POW_seed002,POW,300,2,5,2139.188771338614
8XP_N300_POW_seed002,POW,300,2,6,453.5665287853258
8XP_N300_POW_seed002,POW,300,2,7,1358.0475460298776
8XP_N300_POW_seed002,POW,300,2,8,11.13515711778291
8XP_N300_POW_seed002,POW,300,2,9,1067.6700071874611
8XP_N300_POW_seed002,POW,300,2,10,235.27549216651187
8XP_N300_POW_seed002,POW,300,2,11,83.31049202894155
8XP_N300_POW_seed002,POW,300,2,12,640.3749605153771
8XP_N300_POW_seed002,POW,300,2,13,762.5383116492376
8XP_N300_POW_seed002,POW,300,2,14,1086.255825409262
8XP_N300_POW_seed002,POW,300,2,15,124.27199341594314
8XP_N300_POCOL_seed002,POCOL,300,2,1,863.4191225199169
8XP_N300_POCOL_seed002,POCOL,300,2,2,608.7301294380899
8XP_N300_POCOL_seed002,POCOL,300,2,3,155.23814376499126
8XP_N300_POCOL_seed002,POCOL,300,2,4,168.95780072179195
8XP_N300_POCOL_seed002,POCOL,300,2,5,2146.3011584055926
8XP_N300_POCOL_seed002,POCOL,300,2,6,453.5665287853262
8XP_N300_POCOL_seed002,POCOL,300,2,7,1362.9702455036468
8XP_N300_POCOL_seed002,POCOL,300,2,8,11.13515711778291
8XP_N300_POCOL_seed002,POCOL,300,2,9,1069.1245080906283
8XP_N300_POCOL_seed002,POCOL,300,2,10,235.27549216651187
8XP_N300_POCOL_seed002,POCOL,300,2,11,83.31049202894155
8XP_N300_POCOL_seed002,POCOL,300,2,12,642.4810014725063
8XP_N300_POCOL_seed002,POCOL,300,2,13,766.1189606668968
8XP_N300_POCOL_seed002,POCOL,300,2,14,1088.9809985281936
8XP_N300_POCOL_seed002,POCOL,300,2,15,124.27199341594314
8XP_N300_POWMT_seed002,POWMT,300,2,1,627.5241401763178
8XP_N300_POWMT_seed002,POWMT,300,2,2,89.45706481580805
8XP_N300_POWMT_seed002,POWMT,300,2,3,123.96692999882453
8XP_N300_POWMT_seed002,POWMT,300,2,4,690.1965616677651
8XP_N300_POWMT_seed002,POWMT,300,2,5,158.4792459180212
8XP_N300_POWMT_seed002,POWMT,300,2,6,34.52634186032924
8XP_N300_POWMT_seed002,POWMT,300,2,7,1854.9340053141038
8XP_N300_POWMT_seed002,POWMT,300,2,8,1619.0060626366662
8XP_N300_POWMT_seed002,POWMT,300,2,9,405.86521068282946
8XP_N300_POWMT_seed002,POWMT,300,2,10,606.213498893615
8XP_N300_POWMT_seed002,POWMT,300,2,11,131.96539013739493
8XP_N300_POWMT_seed002,POWMT,300,2,12,738.3745437793323
8XP_N300_POWMT_seed002,POWMT,300,2,13,201.8211823755646
8XP_N300_POWMT_seed002,POWMT,300,2,14,802.5478232336336
8XP_N300_POWMT_seed002,POWMT,300,2,15,103.20792695831642
8XP_N300_POWMT_seed002,POWMT,300,2,16,89.57207373822621
8XP_N300_POWMT_seed002,POWMT,300,2,17,1404.352968887897
8XP_N300_POWMT_seed002,POWMT,300,2,18,133.8127958602654
8XP_N300_POWMT_seed002,POWMT,300,2,19,98.15436556948407
8XP_N300_POWMT_seed002,POWMT,300,2,20,1.0418341701424652
8XP_N300_POWMT_seed002,POWMT,300,2,21,63.22157887942376
8XP_N300_POWMT_seed002,POWMT,300,2,22,16.25068345148611
8XP_N300_POW_seed003,POW,300,3,1,41.00947893431206
8XP_N300_POW_seed003,POW,300,3,2,57.96293559732905
8XP_N300_POW_seed003,POW,300,3,3,1469.4138808103569
8XP_N300_POW_seed003,POW,300,3,4,421.30011636962695
8XP_N300_POW_seed003,POW,300,3,5,218.41099886335883
8XP_N300_POW_seed003,POW,300,3,6,341.180951214008
8XP_N300_POW_seed003,POW,300,3,7,20.19238401615121
8XP_N300_POW_seed003,POW,300,3,8,2262.70514135003
8XP_N300_POW_seed003,POW,300,3,9,1289.1273284334375
8XP_N300_POW_seed003,POW,300,3,10,143.87708804945942
8XP_N300_POW_seed003,POW,300,3,11,376.6574061560941
8XP_N300_POW_seed003,POW,300,3,12,413.8484733349578
8XP_N300_POW_seed003,POW,300,3,13,92.0105586913196
8XP_N300_POW_seed003,POW,300,3,14,2.460876043562166
8XP_N300_POW_seed003,POW,300,3,15,10.977316099543714
8XP_N300_POW_seed003,POW,300,3,16,321.5016782250832
8XP_N300_POW_seed003,POW,300,3,17,85.26018052822747
8XP_N300_POW_seed003,POW,300,3,18,376.4363620695076
8XP_N300_POCOL_seed003,POCOL,300,3,1,41.00947893431206
8XP_N300_POCOL_seed003,POCOL,300,3,2,57.96293559732905
8XP_N300_POCOL_seed003,POCOL,300,3,3,1474.398475043814
8XP_N300_POCOL_seed003,POCOL,300,3,4,421.30011636962695
8XP_N300_POCOL_seed003,POCOL,300,3,5,218.41099886335905
8XP_N300_POCOL_seed003,POCOL,300,3,6,341.180951214008
8XP_N300_POCOL_seed003,POCOL,300,3,7,20.19238401615121
8XP_N300_POCOL_seed003,POCOL,300,3,8,2270.7813126517376
8XP_N300_POCOL_seed003,POCOL,300,3,9,1294.3286262907532
8XP_N300_POCOL_seed003,POCOL,300,3,10,143.87708804945942
8XP_N300_POCOL_seed003,POCOL,300,3,11,376.6574061560941
8XP_N300_POCOL_seed003,POCOL,300,3,12,413.8484733349578
8XP_N300_POCOL_seed003,POCOL,300,3,13,92.0105586913196
8XP_N300_POCOL_seed003,POCOL,300,3,14,2.460876043562166
8XP_N300_POCOL_seed003,POCOL,300,3,15,10.977316099543714
8XP_N300_POCOL_seed003,POCOL,300,3,16,321.5016782250832
8XP_N300_POCOL_seed003,POCOL,300,3,17,85.26018052822747
8XP_N300_POCOL_seed003,POCOL,300,3,18,376.4363620695076
8XP_N300_POWMT_seed003,POWMT,300,3,1,1334.777310579405
8XP_N300_POWMT_seed003,POWMT,300,3,2,122.96475019746026
8XP_N300_POWMT_seed003,POWMT,300,3,3,779.7108990241443
8XP_N300_POWMT_seed003,POWMT,300,3,4,86.82315068927028
8XP_N300_POWMT_seed003,POWMT,300,3,5,359.8782413206759
8XP_N300_POWMT_seed003,POWMT,300,3,6,81.75280105849197
8XP_N300_POWMT_seed003,POWMT,300,3,7,613.2291657883038
8XP_N300_POWMT_seed003,POWMT,300,3,8,650.6986002032681
8XP_N300_POWMT_seed003,POWMT,300,3,9,721.2293075484317
8XP_N300_POWMT_seed003,POWMT,300,3,10,199.36162049825998
8XP_N300_POWMT_seed003,POWMT,300,3,11,906.7980551012324
8XP_N300_POWMT_seed003,POWMT,300,3,12,819.3044153010605
8XP_N300_POWMT_seed003,POWMT,300,3,13,873.8294476276023
8XP_N300_POWMT_seed003,POWMT,300,3,14,239.11215164743408
8XP_N300_POWMT_seed003,POWMT,300,3,15,956.4955131561464
8XP_N300_POW_seed004,POW,300,4,1,102.91751111644582
8XP_N300_POW_seed004,POW,300,4,2,569.0088836238609
8XP_N300_POW_seed004,POW,300,4,3,1187.9689878477632
8XP_N300_POW_seed004,POW,300,4,4,503.6138648891733
8XP_N300_POW_seed004,POW,300,4,5,3427.4770848746225
8XP_N300_POW_seed004,POW,300,4,6,907.9687032941629
8XP_N300_POW_seed004,POW,300,4,7,809.339217168028
8XP_N300_POW_seed004,POW,300,4,8,240.84185777461425
8XP_N300_POW_seed004,POW,300,4,9,97.31359526748383
8XP_N300_POW_seed004,POW,300,4,10,332.5483030004061
8XP_N300_POW_seed004,POW,300,4,11,757.3147565145191
8XP_N300_POCOL_seed004,POCOL,300,4,1,102.91751111644582
8XP_N300_POCOL_seed004,POCOL,300,4,2,569.0088836238609
8XP_N300_POCOL_seed004,POCOL,300,4,3,1189.4580389509044
8XP_N300_POCOL_seed004,POCOL,300,4,4,503.6138648891733
8XP_N300_POCOL_seed004,POCOL,300,4,5,3442.2406620487636
8XP_N300_POCOL_seed004,POCOL,300,4,6,911.0042550005519
8XP_N300_POCOL_seed004,POCOL,300,4,7,812.3334124914254
8XP_N300_POCOL_seed004,POCOL,300,4,8,240.84185777461425
8XP_N300_POCOL_seed004,POCOL,300,4,9,97.31359526748383
8XP_N300_POCOL_seed004,POCOL,300,4,10,332.5483030004052
8XP_N300_POCOL_seed004,POCOL,300,4,11,759.9651953755365
8XP_N300_POWMT_seed004,POWMT,300,4,1,732.4785320361758
8XP_N300_POWMT_seed004,POWMT,300,4,2,364.4654207432112
8XP_N300_POWMT_seed004,POWMT,300,4,3,1212.486927781721
8XP_N300_POWMT_seed004,POWMT,300,4,4,965.9594258800203
8XP_N300_POWMT_seed004,POWMT,300,4,5,2056.6193826482163
8XP_N300_POWMT_seed004,POWMT,300,4,6,659.1818162394075
8XP_N300_POWMT_seed004,POWMT,300,4,7,1220.3702069323663
8XP_N300_POWMT_seed004,POWMT,300,4,8,214.74714556173058
8XP_N300_POWMT_seed004,POWMT,300,4,9,1308.2840863244273
8XP_N300_POWMT_seed004,POWMT,300,4,10,77.46120625838012
8XP_N300_POWMT_seed004,POWMT,300,4,11,63.92482329270206
8XP_N300_POWMT_seed004,POWMT,300,4,12,837.3804141370238
8XP_N300_POW_seed005,POW,300,5,1,387.0061361026799
8XP_N300_POW_seed005,POW,300,5,2,1232.081211388663
8XP_N300_POW_seed005,POW,300,5,3,565.5795230674944
8XP_N300_POW_seed005,POW,300,5,4,243.03735107141438
8XP_N300_POW_seed005,POW,300,5,5,260.31289037374245
8XP_N300_POW_seed005,POW,300,5,6,353.75405512973566
8XP_N300_POW_seed005,POW,300,5,7,237.6313238354901
8XP_N300_POW_seed005,POW,300,5,8,60.407760129769486
8XP_N300_POW_seed005,POW,300,5,9,1287.988707671875
8XP_N300_POW_seed005,POW,300,5,10,561.7207291274308
8XP_N300_POW_seed005,POW,300,5,11,23.787992588770067
8XP_N300_POW_seed005,POW,300,5,12,771.4045959220484
8XP_N300_POW_seed005,POW,300,5,13,470.5822492759862
8XP_N300_POW_seed005,POW,300,5,14,1478.9394770091085
8XP_N300_POCOL_seed005,POCOL,300,5,1,387.0061361026799
8XP_N300_POCOL_seed005,POCOL,300,5,2,1236.876217115373
8XP_N300_POCOL_seed005,POCOL,300,5,3,565.5795230674946
8XP_N300_POCOL_seed005,POCOL,300,5,4,243.03735107141438
8XP_N300_POCOL_seed005,POCOL,300,5,5,260.3128903737429
8XP_N300_POCOL_seed005,POCOL,300,5,6,353.75405512973566
8XP_N300_POCOL_seed005,POCOL,300,5,7,237.6313238354901
8XP_N300_POCOL_seed005,POCOL,300,5,8,60.407760129769486
8XP_N300_POCOL_seed005,POCOL,300,5,9,1292.4056072186004
8XP_N300_POCOL_seed005,POCOL,300,5,10,561.7207291274308
8XP_N300_POCOL_seed005,POCOL,300,5,11,23.787992588770067
8XP_N300_POCOL_seed005,POCOL,300,5,12,773.5781050800697
8XP_N300_POCOL_seed005,POCOL,300,5,13,470.5822492759862
8XP_N300_POCOL_seed005,POCOL,300,5,14,1484.356202104711
8XP_N300_POWMT_seed005,POWMT,300,5,1,14.006085163597419
8XP_N300_POWMT_seed005,POWMT,300,5,2,564.3694476170916
8XP_N300_POWMT_seed005,POWMT,300,5,3,1284.6793968093161
8XP_N300_POWMT_seed005,POWMT,300,5,4,1200.9730918205755
8XP_N300_POWMT_seed005,POWMT,300,5,5,35.03302890585519
8XP_N300_POWMT_seed005,POWMT,300,5,6,5.661461535528815
8XP_N300_POWMT_seed005,POWMT,300,5,7,977.7867555414123
8XP_N300_POWMT_seed005,POWMT,300,5,8,2586.485095729492
8XP_N300_POWMT_seed005,POWMT,300,5,9,134.44303168300758
8XP_N300_POWMT_seed005,POWMT,300,5,10,21.111290559488225
8XP_N300_POWMT_seed005,POWMT,300,5,11,2032.6286578133504
8XP_N300_POWMT_seed005,POWMT,300,5,12,27.045807110711394
8XP_N300_POWMT_seed005,POWMT,300,5,13,537.6960116608989
8XP_N500_POW_seed001,POW,500,1,1,162.22041379570052
8XP_N500_POW_seed001,POW,500,1,2,680.8156086231746
8XP_N500_POW_seed001,POW,500,1,3,587.3791708553402
8XP_N500_POW_seed001,POW,500,1,4,654.6551979525491
8XP_N500_POW_seed001,POW,500,1,5,25.038081058543412
8XP_N500_POW_seed001,POW,500,1,6,278.78221676590283
8XP_N500_POW_seed001,POW,500,1,7,133.12494101232596
8XP_N500_POW_seed001,POW,500,1,8,256.8825867731175
8XP_N500_POW_seed001,POW,500,1,9,743.2453129725491
8XP_N500_POW_seed001,POW,500,1,10,720.6022490218952
8XP_N500_POW_seed001,POW,500,1,11,102.65935877999709
8XP_N500_POW_seed001,POW,500,1,12,92.52196097471642
8XP_N500_POW_seed001,POW,500,1,13,554.773075297614
8XP_N500_POW_seed001,POW,500,1,14,84.00473264650918
8XP_N500_POW_seed001,POW,500,1,15,265.56115062396293
8XP_N500_POW_seed001,POW,500,1,16,545.7566747725741
8XP_N500_POW_seed001,POW,500,1,17,193.30103905805117
8XP_N500_POW_seed001,POW,500,1,18,713.2862118120183
8XP_N500_POW_seed001,POW,500,1,19,1140.509307041245
8XP_N500_POW_seed001,POW,500,1,20,49.84608110207682
8XP_N500_POCOL_seed001,POCOL,500,1,1,162.22041379570052
8XP_N500_POCOL_seed001,POCOL,500,1,2,683.355035908358
8XP_N500_POCOL_seed001,POCOL,500,1,3,587.3791708553402
8XP_N500_POCOL_seed001,POCOL,500,1,4,657.7646434162289
8XP_N500_POCOL_seed001,POCOL,500,1,5,25.038081058543412
8XP_N500_POCOL_seed001,POCOL,500,1,6,278.78221676590283
8XP_N500_POCOL_seed001,POCOL,500,1,7,133.12494101232596
8XP_N500_POCOL_seed001,POCOL,500,1,8,256.8825867731175
8XP_N500_POCOL_seed001,POCOL,500,1,9,744.5628216265122
8XP_N500_POCOL_seed001,POCOL,500,1,10,723.1831515219451
8XP_N500_POCOL_seed001,POCOL,500,1,11,102.65935877999709
8XP_N500_POCOL_seed001,POCOL,500,1,12,92.52196097471642
8XP_N500_POCOL_seed001,POCOL,500,1,13,554.7730752976131
8XP_N500_POCOL_seed001,POCOL,500,1,14,84.00473264650918
8XP_N500_POCOL_seed001,POCOL,500,1,15,265.56115062396293
8XP_N500_POCOL_seed001,POCOL,500,1,16,545.7566747725741
8XP_N500_POCOL_seed001,POCOL,500,1,17,193.30103905805117
8XP_N500_POCOL_seed001,POCOL,500,1,18,716.3069372541377
8XP_N500_POCOL_seed001,POCOL,500,1,19,1141.6618307775525
8XP_N500_POCOL_seed001,POCOL,500,1,20,49.84608110207682
8XP_N500_POWMT_seed001,POWMT,500,1,1,802.8818995419257
8XP_N500_POWMT_seed001,POWMT,500,1,2,328.2477431191743
8XP_N500_POWMT_seed001,POWMT,500,1,3,2002.2286510119532
8XP_N500_POWMT_seed001,POWMT,500,1,4,681.2213524053236
8XP_N500_POWMT_seed001,POWMT,500,1,5,731.3091000180739
8XP_N500_POWMT_seed001,POWMT,500,1,6,576.6753439214417
8XP_N500_POWMT_seed001,POWMT,500,1,7,181.05165659895556
8XP_N500_POWMT_seed001,POWMT,500,1,8,282.2293522757609
8XP_N500_POWMT_seed001,POWMT,500,1,9,1306.1153142854882
8XP_N500_POWMT_seed001,POWMT,500,1,10,211.4833582758847
8XP_N500_POWMT_seed001,POWMT,500,1,11,536.1292299575489
8XP_N500_POWMT_seed001,POWMT,500,1,12,202.2420383210083
8XP_N500_POWMT_seed001,POWMT,500,1,13,638.9476933451879
8XP_N500_POWMT_seed001,POWMT,500,1,14,748.9285165618421
8XP_N500_POWMT_seed001,POWMT,500,1,15,469.33326112733994
8XP_N500_POWMT_seed001,POWMT,500,1,16,225.4297284304721
8XP_N500_POW_seed002,POW,500,2,1,1245.5490184361358
8XP_N500_POW_seed002,POW,500,2,2,6.217213810446083
8XP_N500_POW_seed002,POW,500,2,3,769.1863737698516
8XP_N500_POW_seed002,POW,500,2,4,1852.2212938881275
8XP_N500_POW_seed002,POW,500,2,5,286.98692865594967
8XP_N500_POW_seed002,POW,500,2,6,320.8884450271371
8XP_N500_POW_seed002,POW,500,2,7,14.0163552524009
8XP_N500_POW_seed002,POW,500,2,8,784.7918854775498
8XP_N500_POW_seed002,POW,500,2,9,158.59854124105823
8XP_N500_POW_seed002,POW,500,2,10,467.1873835008373
8XP_N500_POW_seed002,POW,500,2,11,235.00063986749592
8XP_N500_POW_seed002,POW,500,2,12,83.37978697194285
8XP_N500_POW_seed002,POW,500,2,13,562.9626284142378
8XP_N500_POW_seed002,POW,500,2,14,41.371357414834165
8XP_N500_POW_seed002,POW,500,2,15,763.0118602146713
8XP_N500_POW_seed002,POW,500,2,16,930.3792925060116
8XP_N500_POW_seed002,POW,500,2,17,58.700483838631044
8XP_N500_POW_seed002,POW,500,2,18,574.0392548406835
8XP_N500_POW_seed002,POW,500,2,19,454.59542559179135
8XP_N500_POW_seed002,POW,500,2,20,234.046477818516
8XP_N500_POCOL_seed002,POCOL,500,2,1,1248.688961734305
8XP_N500_POCOL_seed002,POCOL,500,2,2,6.217213810446083
8XP_N500_POCOL_seed002,POCOL,500,2,3,770.94408715705
8XP_N500_POCOL_seed002,POCOL,500,2,4,1859.7506554105166
8XP_N500_POCOL_seed002,POCOL,500,2,5,286.9869286559492
8XP_N500_POCOL_seed002,POCOL,500,2,6,320.8884450271371
8XP_N500_POCOL_seed002,POCOL,500,2,7,14.0163552524009
8XP_N500_POCOL_seed002,POCOL,500,2,8,786.981275751602
8XP_N500_POCOL_seed002,POCOL,500,2,9,158.59854124105823
8XP_N500_POCOL_seed002,POCOL,500,2,10,467.1873835008373
8XP_N500_POCOL_seed002,POCOL,500,2,11,235.00063986749592
8XP_N500_POCOL_seed002,POCOL,500,2,12,83.37978697194285
8XP_N500_POCOL_seed002,POCOL,500,2,13,562.9626284142378
8XP_N500_POCOL_seed002,POCOL,500,2,14,41.371357414834165
8XP_N500_POCOL_seed002,POCOL,500,2,15,765.9167875870098
8XP_N500_POCOL_seed002,POCOL,500,2,16,933.854583751182
8XP_N500_POCOL_seed002,POCOL,500,2,17,58.700483838631044
8XP_N500_POCOL_seed002,POCOL,500,2,18,574.0392548406835
8XP_N500_POCOL_seed002,POCOL,500,2,19,454.59542559179135
8XP_N500_POCOL_seed002,POCOL,500,2,20,234.046477818516
8XP_N500_POWMT_seed002,POWMT,500,2,1,768.1574415508976
8XP_N500_POWMT_seed002,POWMT,500,2,2,34.377216119491095
8XP_N500_POWMT_seed002,POWMT,500,2,3,2085.042800522704
8XP_N500_POWMT_seed002,POWMT,500,2,4,690.1965616677649
8XP_N500_POWMT_seed002,POWMT,500,2,5,8.000260030118625
8XP_N500_POWMT_seed002,POWMT,500,2,6,22.74990728663397
8XP_N500_POWMT_seed002,POWMT,500,2,7,4.2370205088491275
8XP_N500_POWMT_seed002,POWMT,500,2,8,1328.6745576813805
8XP_N500_POWMT_seed002,POWMT,500,2,9,338.0587143578132
8XP_N500_POWMT_seed002,POWMT,500,2,10,671.4362524814869
8XP_N500_POWMT_seed002,POWMT,500,2,11,411.19127369833404
8XP_N500_POWMT_seed002,POWMT,500,2,12,709.6753818858679
8XP_N500_POWMT_seed002,POWMT,500,2,13,1641.8817948014757
8XP_N500_POWMT_seed002,POWMT,500,2,14,45.92013930862777
8XP_N500_POWMT_seed002,POWMT,500,2,15,1056.2271287587646
8XP_N500_POWMT_seed002,POWMT,500,2,16,55.08806870910303
8XP_N500_POW_seed003,POW,500,3,1,18.848985854844646
8XP_N500_POW_seed003,POW,500,3,2,406.73855661020514
8XP_N500_POW_seed003,POW,500,3,3,1469.4138808103569
8XP_N500_POW_seed003,POW,500,3,4,421.30011636962695
8XP_N500_POW_seed003,POW,500,3,5,942.380999425859
8XP_N500_POW_seed003,POW,500,3,6,20.487225511855286
8XP_N500_POW_seed003,POW,500,3,7,2262.491352225922
8XP_N500_POW_seed003,POW,500,3,8,494.22960030304876
8XP_N500_POW_seed003,POW,500,3,9,689.1273284334375
8XP_N500_POW_seed003,POW,500,3,10,448.90241171919934
8XP_N500_POW_seed003,POW,500,3,11,337.9609573503176
8XP_N500_POW_seed003,POW,500,3,12,413.8484733349578
8XP_N500_POW_seed003,POW,500,3,13,501.46117695837074
8XP_N500_POW_seed003,POW,500,3,14,2.460876043562166
8XP_N500_POW_seed003,POW,500,3,15,10.977316099544623
8XP_N500_POW_seed003,POW,500,3,16,321.5016782250841
8XP_N500_POW_seed003,POW,500,3,17,397.9123662799484
8XP_N500_POCOL_seed003,POCOL,500,3,1,18.848985854844646
8XP_N500_POCOL_seed003,POCOL,500,3,2,406.73855661020514
8XP_N500_POCOL_seed003,POCOL,500,3,3,1475.855752135128
8XP_N500_POCOL_seed003,POCOL,500,3,4,421.30011636962695
8XP_N500_POCOL_seed003,POCOL,500,3,5,943.5954459195591
8XP_N500_POCOL_seed003,POCOL,500,3,6,20.487225511855286
8XP_N500_POCOL_seed003,POCOL,500,3,7,2270.6575556567664
8XP_N500_POCOL_seed003,POCOL,500,3,8,494.22960030304876
8XP_N500_POCOL_seed003,POCOL,500,3,9,691.7903771557694
8XP_N500_POCOL_seed003,POCOL,500,3,10,448.90241171919934
8XP_N500_POCOL_seed003,POCOL,500,3,11,337.9609573503176
8XP_N500_POCOL_seed003,POCOL,500,3,12,413.8484733349578
8XP_N500_POCOL_seed003,POCOL,500,3,13,501.46117695836983
8XP_N500_POCOL_seed003,POCOL,500,3,14,2.460876043562166
8XP_N500_POCOL_seed003,POCOL,500,3,15,10.977316099544623
8XP_N500_POCOL_seed003,POCOL,500,3,16,321.5016782250841
8XP_N500_POCOL_seed003,POCOL,500,3,17,397.9123662799484
8XP_N500_POWMT_seed003,POWMT,500,3,1,1341.4001367999874
8XP_N500_POWMT_seed003,POWMT,500,3,2,435.6892973779502
8XP_N500_POWMT_seed003,POWMT,500,3,3,628.6943565963502
8XP_N500_POWMT_seed003,POWMT,500,3,4,73.17729540651999
8XP_N500_POWMT_seed003,POWMT,500,3,5,35.52383894205059
8XP_N500_POWMT_seed003,POWMT,500,3,6,1596.8122256138636
8XP_N500_POWMT_seed003,POWMT,500,3,7,873.0242822673108
8XP_N500_POWMT_seed003,POWMT,500,3,8,1043.441988660289
8XP_N500_POWMT_seed003,POWMT,500,3,9,925.4159659743709
8XP_N500_POWMT_seed003,POWMT,500,3,10,965.5935387068603
8XP_N500_POWMT_seed003,POWMT,500,3,11,830.5354483112551
8XP_N500_POWMT_seed003,POWMT,500,3,12,259.76588597298905
8XP_N500_POW_seed004,POW,500,4,1,919.1423148470757
8XP_N500_POW_seed004,POW,500,4,2,2.79406807017142
8XP_N500_POW_seed004,POW,500,4,3,633.498027539767
8XP_N500_POW_seed004,POW,500,4,4,437.3361942394033
8XP_N500_POW_seed004,POW,500,4,5,600.0268390905824
8XP_N500_POW_seed004,POW,500,4,6,984.1329763130484
8XP_N500_POW_seed004,POW,500,4,7,427.5598951409952
8XP_N500_POW_seed004,POW,500,4,8,476.8968455862878
8XP_N500_POW_seed004,POW,500,4,9,994.2240371099824
8XP_N500_POW_seed004,POW,500,4,10,209.4608955843014
8XP_N500_POW_seed004,POW,500,4,11,240.5696098263943
8XP_N500_POW_seed004,POW,500,4,12,366.24951463382695
8XP_N500_POW_seed004,POW,500,4,13,97.16667991549275
8XP_N500_POW_seed004,POW,500,4,14,332.4912033950568
8XP_N500_POW_seed004,POW,500,4,15,137.4477325072694
8XP_N500_POW_seed004,POW,500,4,16,157.2516569946065
8XP_N500_POW_seed004,POW,500,4,17,1080.3179793921
8XP_N500_POCOL_seed004,POCOL,500,4,1,920.212945549829
8XP_N500_POCOL_seed004,POCOL,500,4,2,2.79406807017142
8XP_N500_POCOL_seed004,POCOL,500,4,3,635.7007122566292
8XP_N500_POCOL_seed004,POCOL,500,4,4,437.3361942394033
8XP_N500_POCOL_seed004,POCOL,500,4,5,600.0268390905826
8XP_N500_POCOL_seed004,POCOL,500,4,6,1589.9631535705876
8XP_N500_POCOL_seed004,POCOL,500,4,7,427.55989514099565
8XP_N500_POCOL_seed004,POCOL,500,4,8,1135.2267840142522
8XP_N500_POCOL_seed004,POCOL,500,4,9,394.2240371099824
8XP_N500_POCOL_seed004,POCOL,500,4,10,209.4608955843014
8XP_N500_POCOL_seed004,POCOL,500,4,11,240.5696098263943
8XP_N500_POCOL_seed004,POCOL,500,4,12,98.21974166990276
8XP_N500_POCOL_seed004,POCOL,500,4,13,332.981326988036
8XP_N500_POCOL_seed004,POCOL,500,4,14,739.4577893073674
8XP_N500_POCOL_seed004,POCOL,500,4,15,1684.7510424974143
8XP_N500_POWMT_seed004,POWMT,500,4,1,732.4785320361758
8XP_N500_POWMT_seed004,POWMT,500,4,2,328.0988293016936
8XP_N500_POWMT_seed004,POWMT,500,4,3,95.63473539038137
8XP_N500_POWMT_seed004,POWMT,500,4,4,37.96025062399781
8XP_N500_POWMT_seed004,POWMT,500,4,5,1883.7114291579835
8XP_N500_POWMT_seed004,POWMT,500,4,6,861.7577864227951
8XP_N500_POWMT_seed004,POWMT,500,4,7,42.28151943776538
8XP_N500_POWMT_seed004,POWMT,500,4,8,21.253291302028174
8XP_N500_POWMT_seed004,POWMT,500,4,9,1452.7648319175214
8XP_N500_POWMT_seed004,POWMT,500,4,10,447.25235301805424
8XP_N500_POWMT_seed004,POWMT,500,4,11,76.38079306176496
8XP_N500_POWMT_seed004,POWMT,500,4,12,665.6349723105686
8XP_N500_POWMT_seed004,POWMT,500,4,13,46.26193239691656
8XP_N500_POWMT_seed004,POWMT,500,4,14,1303.5828958520078
8XP_N500_POW_seed005,POW,500,5,1,2028.785638509063
8XP_N500_POW_seed005,POW,500,5,2,745.2594403665919
8XP_N500_POW_seed005,POW,500,5,3,953.899169612328
8XP_N500_POW_seed005,POW,500,5,4,24.941659468662692
8XP_N500_POW_seed005,POW,500,5,5,573.0899508686252
8XP_N500_POW_seed005,POW,500,5,6,1417.849057735125
8XP_N500_POW_seed005,POW,500,5,7,27.38536625749748
8XP_N500_POW_seed005,POW,500,5,8,24.269402774039918
8XP_N500_POW_seed005,POW,500,5,9,771.5757183763035
8XP_N500_POW_seed005,POW,500,5,10,470.4616430981896
8XP_N500_POW_seed005,POW,500,5,11,1958.4778927508478
8XP_N500_POW_seed005,POW,500,5,12,322.47306081098213
8XP_N500_POCOL_seed005,POCOL,500,5,1,2033.963616381148
8XP_N500_POCOL_seed005,POCOL,500,5,2,747.5294834043591
8XP_N500_POCOL_seed005,POCOL,500,5,3,957.440241164004
8XP_N500_POCOL_seed005,POCOL,500,5,4,24.941659468662692
8XP_N500_POCOL_seed005,POCOL,500,5,5,573.0899508686252
8XP_N500_POCOL_seed005,POCOL,500,5,6,1422.6151462483876
8XP_N500_POCOL_seed005,POCOL,500,5,7,27.38536625749748
8XP_N500_POCOL_seed005,POCOL,500,5,8,24.269402774039918
8XP_N500_POCOL_seed005,POCOL,500,5,9,773.6168794351206
8XP_N500_POCOL_seed005,POCOL,500,5,10,470.4616430981896
8XP_N500_POCOL_seed005,POCOL,500,5,11,1967.002711392819
8XP_N500_POCOL_seed005,POCOL,500,5,12,322.47306081098213
8XP_N500_POWMT_seed005,POWMT,500,5,1,322.9643402997855
8XP_N500_POWMT_seed005,POWMT,500,5,2,845.7739638359925
8XP_N500_POWMT_seed005,POWMT,500,5,3,207.25865874633905
8XP_N500_POWMT_seed005,POWMT,500,5,4,809.8342725411442
8XP_N500_POWMT_seed005,POWMT,500,5,5,3309.400479401632
8XP_N500_POWMT_seed005,POWMT,500,5,6,5.66146153552836
8XP_N500_POWMT_seed005,POWMT,500,5,7,837.34231067973
8XP_N500_POWMT_seed005,POWMT,500,5,8,1309.2447167256323
8XP_N500_POWMT_seed005,POWMT,500,5,9,306.00468992842707
8XP_N500_POWMT_seed005,POWMT,500,5,10,1311.1810111884042
