tag,arm,N,seed,alpha_case,alpha,energy_J,energy_kWh,baseline_conv_offset_J,saving_vs_conv_offset
pilot,XNR-PW-CONV-ZERO,100,7068745346940014165,LP0,0.0,3510000000.0,975.0,,
pilot,XNR-PW-CONV-ZERO,100,7068745346940014165,LP10,0.1,3510000000.0,975.0,,
pilot,XNR-PW-CONV-ZERO,100,7068745346940014165,LP25,0.25,3510000000.0,975.0,,
pilot,XNR-PW-CONV-ZERO,100,7068745346940014165,LP50,0.5,3510000000.0,975.0,,
pilot,XNR-PW-CONV-OFFSET,100,7068745346940014165,LP0,0.0,3510000000.0,975.0,3510000000.0,0.0
pilot,XNR-PW-CONV-OFFSET,100,7068745346940014165,LP10,0.1,3510000000.0,975.0,3510000000.0,0.0
pilot,XNR-PW-CONV-OFFSET,100,7068745346940014165,LP25,0.25,3510000000.0,975.0,3510000000.0,0.0
pilot,XNR-PW-CONV-OFFSET,100,7068745346940014165,LP50,0.5,3510000000.0,975.0,3510000000.0,0.0
pilot,XNR-PW-MT-ZERO,100,7068745346940014165,LP0,0.0,3510000000.0,975.0,3510000000.0,0.0
pilot,XNR-PW-MT-ZERO,100,7068745346940014165,LP10,0.1,3510000000.0,975.0,3510000000.0,0.0
pilot,XNR-PW-MT-ZERO,100,7068745346940014165,LP25,0.25,3510000000.0,975.0,3510000000.0,0.0
pilot,XNR-PW-MT-ZERO,100,7068745346940014165,LP50,0.5,3510000000.0,975.0,3510000000.0,0.0
pilot,XNR-PW-MT-OFFSET,100,7068745346940014165,LP0,0.0,3510000000.0,975.0,3510000000.0,0.0
pilot,XNR-PW-MT-OFFSET,100,7068745346940014165,LP10,0.1,3510000000.0,975.0,3510000000.0,0.0
pilot,XNR-PW-MT-OFFSET,100,7068745346940014165,LP25,0.25,3510000000.0,975.0,3510000000.0,0.0
pilot,XNR-PW-MT-OFFSET,100,7068745346940014165,LP50,0.5,3510000000.0,975.0,3510000000.0,0.0
pilot,XNR-PC,100,7068745346940014165,LP0,0.0,3509999996.7310576,974.9999990919605,3510000000.0,9.313225746154785e-10
pilot,XNR-PC,100,7068745346940014165,LP10,0.1,3509999997.057952,974.9999991827644,3510000000.0,8.381902949494702e-10
pilot,XNR-PC,100,7068745346940014165,LP25,0.25,3509999997.548293,974.9999993189703,3510000000.0,6.984920419839113e-10
pilot,XNR-PC,100,7068745346940014165,LP50,0.5,3509999998.3655286,974.9999995459801,3510000000.0,4.656613983300417e-10
pilot,XNR-PW-CONV-ZERO,100,1676186997283559608,LP0,0.0,3510000000.0,975.0,,
pilot,XNR-PW-CONV-ZERO,100,1676186997283559608,LP10,0.1,3510000000.0,975.0,,
pilot,XNR-PW-CONV-ZERO,100,1676186997283559608,LP25,0.25,3510000000.0,975.0,,
pilot,XNR-PW-CONV-ZERO,100,1676186997283559608,LP50,0.5,3510000000.0,975.0,,
pilot,XNR-PW-CONV-OFFSET,100,1676186997283559608,LP0,0.0,3510000000.0,975.0,3510000000.0,0.0
pilot,XNR-PW-CONV-OFFSET,100,1676186997283559608,LP10,0.1,3510000000.0,975.0,3510000000.0,0.0
pilot,XNR-PW-CONV-OFFSET,100,1676186997283559608,LP25,0.25,3510000000.0,975.0,3510000000.0,0.0
pilot,XNR-PW-CONV-OFFSET,100,1676186997283559608,LP50,0.5,3510000000.0,975.0,3510000000.0,0.0
pilot,XNR-PW-MT-ZERO,100,1676186997283559608,LP0,0.0,3510000000.0,975.0,3510000000.0,0.0
pilot,XNR-PW-MT-ZERO,100,1676186997283559608,LP10,0.1,3510000000.0,975.0,3510000000.0,0.0
pilot,XNR-PW-MT-ZERO,100,1676186997283559608,LP25,0.25,3510000000.0,975.0,3510000000.0,0.0
pilot,XNR-PW-MT-ZERO,100,1676186997283559608,LP50,0.5,3510000000.0,975.0,3510000000.0,0.0
pilot,XNR-PW-MT-OFFSET,100,1676186997283559608,LP0,0.0,3510000000.0,975.0,3510000000.0,0.0
pilot,XNR-PW-MT-OFFSET,100,1676186997283559608,LP10,0.1,3510000000.0,975.0,3510000000.0,0.0
pilot,XNR-PW-MT-OFFSET,100,1676186997283559608,LP25,0.25,3510000000.0,975.0,3510000000.0,0.0
pilot,XNR-PW-MT-OFFSET,100,1676186997283559608,LP50,0.5,3510000000.0,975.0,3510000000.0,0.0
pilot,XNR-PC,100,1676186997283559608,LP0,0.0,3509999996.7310576,974.9999990919605,3510000000.0,9.313225746154785e-10
pilot,XNR-PC,100,1676186997283559608,LP10,0.1,3509999997.057952,974.9999991827644,3510000000.0,8.381902949494702e-10
pilot,XNR-PC,100,1676186997283559608,LP25,0.25,3509999997.548293,974.9999993189703,3510000000.0,6.984920419839113e-10
pilot,XNR-PC,100,1676186997283559608,LP50,0.5,3509999998.3655286,974.9999995459801,3510000000.0,4.656613983300417e-10
pilot,XNR-PW-CONV-ZERO,300,7068745346940014165,LP0,0.0,10530000000.0,2925.0,,
pilot,XNR-PW-CONV-ZERO,300,7068745346940014165,LP10,0.1,10530000000.0,2925.0,,
pilot,XNR-PW-CONV-ZERO,300,7068745346940014165,LP25,0.25,10530000000.0,2925.0,,
pilot,XNR-PW-CONV-ZERO,300,7068745346940014165,LP50,0.5,10530000000.0,2925.0,,
pilot,XNR-PW-CONV-OFFSET,300,7068745346940014165,LP0,0.0,10530000000.0,2925.0,10530000000.0,0.0
pilot,XNR-PW-CONV-OFFSET,300,7068745346940014165,LP10,0.1,10530000000.0,2925.0,10530000000.0,0.0
pilot,XNR-PW-CONV-OFFSET,300,7068745346940014165,LP25,0.25,10530000000.0,2925.0,10530000000.0,0.0
pilot,XNR-PW-CONV-OFFSET,300,7068745346940014165,LP50,0.5,10530000000.0,2925.0,10530000000.0,0.0
pilot,XNR-PW-MT-ZERO,300,7068745346940014165,LP0,0.0,10530000000.0,2925.0,10530000000.0,0.0
pilot,XNR-PW-MT-ZERO,300,7068745346940014165,LP10,0.1,10530000000.0,2925.0,10530000000.0,0.0
pilot,XNR-PW-MT-ZERO,300,7068745346940014165,LP25,0.25,10530000000.0,2925.0,10530000000.0,0.0
pilot,XNR-PW-MT-ZERO,300,7068745346940014165,LP50,0.5,10530000000.0,2925.0,10530000000.0,0.0
pilot,XNR-PW-MT-OFFSET,300,7068745346940014165,LP0,0.0,10530000000.0,2925.0,10530000000.0,0.0
pilot,XNR-PW-MT-OFFSET,300,7068745346940014165,LP10,0.1,10530000000.0,2925.0,10530000000.0,0.0
pilot,XNR-PW-MT-OFFSET,300,7068745346940014165,LP25,0.25,10530000000.0,2925.0,10530000000.0,0.0
pilot,XNR-PW-MT-OFFSET,300,7068745346940014165,LP50,0.5,10530000000.0,2925.0,10530000000.0,0.0
pilot,XNR-PC,300,7068745346940014165,LP0,0.0,10529999745.022512,2924.99992917292,10530000000.0,2.4214386273868627e-08
pilot,XNR-PC,300,7068745346940014165,LP10,0.1,10529999770.520262,2924.999936255628,10530000000.0,2.1792947557663922e-08
pilot,XNR-PC,300,7068745346940014165,LP25,0.25,10529999808.766884,2924.99994687969,10530000000.0,1.816078976091262e-08
pilot,XNR-PC,300,7068745346940014165,LP50,0.5,10529999872.511257,2924.9999645864605,10530000000.0,1.2107193025912011e-08
pilot,XNR-PW-CONV-ZERO,300,1676186997283559608,LP0,0.0,10530000000.0,2925.0,,
pilot,XNR-PW-CONV-ZERO,300,1676186997283559608,LP10,0.1,10530000000.0,2925.0,,
pilot,XNR-PW-CONV-ZERO,300,1676186997283559608,LP25,0.25,10530000000.0,2925.0,,
pilot,XNR-PW-CONV-ZERO,300,1676186997283559608,LP50,0.5,10530000000.0,2925.0,,
pilot,XNR-PW-CONV-OFFSET,300,1676186997283559608,LP0,0.0,10530000000.0,2925.0,10530000000.0,0.0
pilot,XNR-PW-CONV-OFFSET,300,1676186997283559608,LP10,0.1,10530000000.0,2925.0,10530000000.0,0.0
pilot,XNR-PW-CONV-OFFSET,300,1676186997283559608,LP25,0.25,10530000000.0,2925.0,10530000000.0,0.0
pilot,XNR-PW-CONV-OFFSET,300,1676186997283559608,LP50,0.5,10530000000.0,2925.0,10530000000.0,0.0
pilot,XNR-PW-MT-ZERO,300,1676186997283559608,LP0,0.0,10530000000.0,2925.0,10530000000.0,0.0
pilot,XNR-PW-MT-ZERO,300,1676186997283559608,LP10,0.1,10530000000.0,2925.0,10530000000.0,0.0
pilot,XNR-PW-MT-ZERO,300,1676186997283559608,LP25,0.25,10530000000.0,2925.0,10530000000.0,0.0
pilot,XNR-PW-MT-ZERO,300,1676186997283559608,LP50,0.5,10530000000.0,2925.0,10530000000.0,0.0
pilot,XNR-PW-MT-OFFSET,300,1676186997283559608,LP0,0.0,10530000000.0,2925.0,10530000000.0,0.0
pilot,XNR-PW-MT-OFFSET,300,1676186997283559608,LP10,0.1,10530000000.0,2925.0,10530000000.0,0.0
pilot,XNR-PW-MT-OFFSET,300,1676186997283559608,LP25,0.25,10530000000.0,2925.0,10530000000.0,0.0
pilot,XNR-PW-MT-OFFSET,300,1676186997283559608,LP50,0.5,10530000000.0,2925.0,10530000000.0,0.0
pilot,XNR-PC,300,1676186997283559608,LP0,0.0,10529999745.022512,2924.99992917292,10530000000.0,2.4214386273868627e-08
pilot,XNR-PC,300,1676186997283559608,LP10,0.1,10529999770.520262,2924.999936255628,10530000000.0,2.1792947557663922e-08
pilot,XNR-PC,300,1676186997283559608,LP25,0.25,10529999808.766884,2924.99994687969,10530000000.0,1.816078976091262e-08
pilot,XNR-PC,300,1676186997283559608,LP50,0.5,10529999872.511257,2924.9999645864605,10530000000.0,1.2107193025912011e-08
pilot,XNR-PW-CONV-ZERO,500,7068745346940014165,LP0,0.0,17550000000.0,4875.0,,
pilot,XNR-PW-CONV-ZERO,500,7068745346940014165,LP10,0.1,17550000000.0,4875.0,,
pilot,XNR-PW-CONV-ZERO,500,7068745346940014165,LP25,0.25,17550000000.0,4875.0,,
pilot,XNR-PW-CONV-ZERO,500,7068745346940014165,LP50,0.5,17550000000.0,4875.0,,
pilot,XNR-PW-CONV-OFFSET,500,7068745346940014165,LP0,0.0,17550000000.0,4875.0,17550000000.0,0.0
pilot,XNR-PW-CONV-OFFSET,500,7068745346940014165,LP10,0.1,17550000000.0,4875.0,17550000000.0,0.0
pilot,XNR-PW-CONV-OFFSET,500,7068745346940014165,LP25,0.25,17550000000.0,4875.0,17550000000.0,0.0
pilot,XNR-PW-CONV-OFFSET,500,7068745346940014165,LP50,0.5,17550000000.0,4875.0,17550000000.0,0.0
pilot,XNR-PW-MT-ZERO,500,7068745346940014165,LP0,0.0,17550000000.0,4875.0,17550000000.0,0.0
pilot,XNR-PW-MT-ZERO,500,7068745346940014165,LP10,0.1,17550000000.0,4875.0,17550000000.0,0.0
pilot,XNR-PW-MT-ZERO,500,7068745346940014165,LP25,0.25,17550000000.0,4875.0,17550000000.0,0.0
pilot,XNR-PW-MT-ZERO,500,7068745346940014165,LP50,0.5,17550000000.0,4875.0,17550000000.0,0.0
pilot,XNR-PW-MT-OFFSET,500,7068745346940014165,LP0,0.0,17550000000.0,4875.0,17550000000.0,0.0
pilot,XNR-PW-MT-OFFSET,500,7068745346940014165,LP10,0.1,17550000000.0,4875.0,17550000000.0,0.0
pilot,XNR-PW-MT-OFFSET,500,7068745346940014165,LP25,0.25,17550000000.0,4875.0,17550000000.0,0.0
pilot,XNR-PW-MT-OFFSET,500,7068745346940014165,LP50,0.5,17550000000.0,4875.0,17550000000.0,0.0
pilot,XNR-PC,500,7068745346940014165,LP0,0.0,17549999166.41977,4874.999768449936,17550000000.0,4.7497449084943355e-08
pilot,XNR-PC,500,7068745346940014165,LP10,0.1,17549999249.777794,4874.999791604942,17550000000.0,4.2747704043222257e-08
pilot,XNR-PC,500,7068745346940014165,LP25,0.25,17549999374.814827,4874.999826337452,17550000000.0,3.5623086813707516e-08
pilot,XNR-PC,500,7068745346940014165,LP50,0.5,17549999583.209885,4874.999884224968,17550000000.0,2.3748724542471678e-08
pilot,XNR-PW-CONV-ZERO,500,1676186997283559608,LP0,0.0,17550000000.0,4875.0,,
pilot,XNR-PW-CONV-ZERO,500,1676186997283559608,LP10,0.1,17550000000.0,4875.0,,
pilot,XNR-PW-CONV-ZERO,500,1676186997283559608,LP25,0.25,17550000000.0,4875.0,,
pilot,XNR-PW-CONV-ZERO,500,1676186997283559608,LP50,0.5,17550000000.0,4875.0,,
pilot,XNR-PW-CONV-OFFSET,500,1676186997283559608,LP0,0.0,17550000000.0,4875.0,17550000000.0,0.0
pilot,XNR-PW-CONV-OFFSET,500,1676186997283559608,LP10,0.1,17550000000.0,4875.0,17550000000.0,0.0
pilot,XNR-PW-CONV-OFFSET,500,1676186997283559608,LP25,0.25,17550000000.0,4875.0,17550000000.0,0.0
pilot,XNR-PW-CONV-OFFSET,500,1676186997283559608,LP50,0.5,17550000000.0,4875.0,17550000000.0,0.0
pilot,XNR-PW-MT-ZERO,500,1676186997283559608,LP0,0.0,17550000000.0,4875.0,17550000000.0,0.0
pilot,XNR-PW-MT-ZERO,500,1676186997283559608,LP10,0.1,17550000000.0,4875.0,17550000000.0,0.0
pilot,XNR-PW-MT-ZERO,500,1676186997283559608,LP25,0.25,17550000000.0,4875.0,17550000000.0,0.0
pilot,XNR-PW-MT-ZERO,500,1676186997283559608,LP50,0.5,17550000000.0,4875.0,17550000000.0,0.0
pilot,XNR-PW-MT-OFFSET,500,1676186997283559608,LP0,0.0,17550000000.0,4875.0,17550000000.0,0.0
pilot,XNR-PW-MT-OFFSET,500,1676186997283559608,LP10,0.1,17550000000.0,4875.0,17550000000.0,0.0
pilot,XNR-PW-MT-OFFSET,500,1676186997283559608,LP25,0.25,17550000000.0,4875.0,17550000000.0,0.0
pilot,XNR-PW-MT-OFFSET,500,1676186997283559608,LP50,0.5,17550000000.0,4875.0,17550000000.0,0.0
pilot,XNR-PC,500,1676186997283559608,LP0,0.0,17549999166.41977,4874.999768449936,17550000000.0,4.7497449084943355e-08
pilot,XNR-PC,500,1676186997283559608,LP10,0.1,17549999249.777794,4874.999791604942,17550000000.0,4.2747704043222257e-08
pilot,XNR-PC,500,1676186997283559608,LP25,0.25,17549999374.814827,4874.999826337452,17550000000.0,3.5623086813707516e-08
pilot,XNR-PC,500,1676186997283559608,LP50,0.5,17549999583.209885,4874.999884224968,17550000000.0,2.3748724542471678e-08
