tag,arm,N,seed,run_kind,W_total,hashes_per_block,W_unique_exact_secondary,exact_duplicates_secondary
primary,ND-PW,100,467376819415377580,physical,234000000000000000000,1.231578947368421e+19,234000000000000000000,0
primary,ND-PW-OFFSET,100,467376819415377580,physical,234000000000000000000,1.231578947368421e+19,234000000000000000000,0
primary,ND-PC,100,467376819415377580,physical,233999999782070517784,1.2315789462214238e+19,233999999782070517784,0
primary,ND-PC-NOLP,100,467376819415377580,derived,233999999782070517784,1.2315789462214238e+19,233999999782070517784,0
primary,ND-PW,100,2704408835578762228,physical,234000000000000000000,1.0636363636363637e+19,234000000000000000000,0
primary,ND-PW-OFFSET,100,2704408835578762228,physical,234000000000000000000,1.0636363636363637e+19,234000000000000000000,0
primary,ND-PC,100,2704408835578762228,physical,233999999782070517788,1.0636363626457752e+19,233999999782070517788,0
primary,ND-PC-NOLP,100,2704408835578762228,derived,233999999782070517788,1.0636363626457752e+19,233999999782070517788,0
primary,ND-PW,100,11237067994138084197,physical,234000000000000000000,1.231578947368421e+19,234000000000000000000,0
primary,ND-PW-OFFSET,100,11237067994138084197,physical,234000000000000000000,1.231578947368421e+19,234000000000000000000,0
primary,ND-PC,100,11237067994138084197,physical,233999999782070517768,1.2315789462214238e+19,233999999782070517768,0
primary,ND-PC-NOLP,100,11237067994138084197,derived,233999999782070517768,1.2315789462214238e+19,233999999782070517768,0
primary,ND-PW,100,5926412735843326529,physical,234000000000000000000,2.1272727272727273e+19,234000000000000000000,0
primary,ND-PW-OFFSET,100,5926412735843326529,physical,234000000000000000000,2.1272727272727273e+19,234000000000000000000,0
primary,ND-PC,100,5926412735843326529,physical,233999999782070517764,2.1272727252915503e+19,233999999782070517764,0
primary,ND-PC-NOLP,100,5926412735843326529,derived,233999999782070517764,2.1272727252915503e+19,233999999782070517764,0
primary,ND-PW,100,5192363207272324882,physical,234000000000000000000,1.3764705882352941e+19,234000000000000000000,0
primary,ND-PW-OFFSET,100,5192363207272324882,physical,234000000000000000000,1.3764705882352941e+19,234000000000000000000,0
primary,ND-PC,100,5192363207272324882,physical,233999999782070517784,1.376470586953356e+19,233999999782070517784,0
primary,ND-PC-NOLP,100,5192363207272324882,derived,233999999782070517784,1.376470586953356e+19,233999999782070517784,0
primary,ND-PW,100,14936110819278713214,physical,234000000000000000000,1.3764705882352941e+19,234000000000000000000,0
primary,ND-PW-OFFSET,100,14936110819278713214,physical,234000000000000000000,1.3764705882352941e+19,234000000000000000000,0
primary,ND-PC,100,14936110819278713214,physical,233999999782070517780,1.376470586953356e+19,233999999782070517780,0
primary,ND-PC-NOLP,100,14936110819278713214,derived,233999999782070517780,1.376470586953356e+19,233999999782070517780,0
primary,ND-PW,100,15027284727339452496,physical,234000000000000000000,1.6714285714285713e+19,234000000000000000000,0
primary,ND-PW-OFFSET,100,15027284727339452496,physical,234000000000000000000,1.6714285714285713e+19,234000000000000000000,0
primary,ND-PC,100,15027284727339452496,physical,233999999782070517772,1.6714285698719322e+19,233999999782070517772,0
primary,ND-PC-NOLP,100,15027284727339452496,derived,233999999782070517772,1.6714285698719322e+19,233999999782070517772,0
primary,ND-PW,100,529132900484142986,physical,234000000000000000000,1.8e+19,234000000000000000000,0
primary,ND-PW-OFFSET,100,529132900484142986,physical,234000000000000000000,1.8e+19,234000000000000000000,0
primary,ND-PC,100,529132900484142986,physical,233999999782070517772,1.7999999983236194e+19,233999999782070517772,0
primary,ND-PC-NOLP,100,529132900484142986,derived,233999999782070517772,1.7999999983236194e+19,233999999782070517772,0
primary,ND-PW,100,8583420154531566926,physical,234000000000000000000,1.56e+19,234000000000000000000,0
primary,ND-PW-OFFSET,100,8583420154531566926,physical,234000000000000000000,1.56e+19,234000000000000000000,0
primary,ND-PC,100,8583420154531566926,physical,233999999782070517780,1.5599999985471367e+19,233999999782070517780,0
primary,ND-PC-NOLP,100,8583420154531566926,derived,233999999782070517780,1.5599999985471367e+19,233999999782070517780,0
primary,ND-PW,100,16465068975321571430,physical,234000000000000000000,2.1272727272727273e+19,234000000000000000000,0
primary,ND-PW-OFFSET,100,16465068975321571430,physical,234000000000000000000,2.1272727272727273e+19,234000000000000000000,0
primary,ND-PC,100,16465068975321571430,physical,233999999782070517760,2.1272727252915503e+19,233999999782070517760,0
primary,ND-PC-NOLP,100,16465068975321571430,derived,233999999782070517760,2.1272727252915503e+19,233999999782070517760,0
primary,ND-PW,100,1580318165844385263,physical,234000000000000000000,1.95e+19,234000000000000000000,0
primary,ND-PW-OFFSET,100,1580318165844385263,physical,234000000000000000000,1.95e+19,234000000000000000000,0
primary,ND-PC,100,1580318165844385263,physical,233999999782070517768,1.949999998183921e+19,233999999782070517768,0
primary,ND-PC-NOLP,100,1580318165844385263,derived,233999999782070517768,1.949999998183921e+19,233999999782070517768,0
primary,ND-PW,100,860680765458012691,physical,234000000000000000000,8.068965517241379e+18,234000000000000000000,0
primary,ND-PW-OFFSET,100,860680765458012691,physical,234000000000000000000,8.068965517241379e+18,234000000000000000000,0
primary,ND-PC,100,860680765458012691,physical,233999999782070517804,8.068965509726569e+18,233999999782070517804,0
primary,ND-PC-NOLP,100,860680765458012691,derived,233999999782070517804,8.068965509726569e+18,233999999782070517804,0
primary,ND-PW,100,405674777376978405,physical,234000000000000000000,1.1142857142857142e+19,234000000000000000000,0
primary,ND-PW-OFFSET,100,405674777376978405,physical,234000000000000000000,1.1142857142857142e+19,234000000000000000000,0
primary,ND-PC,100,405674777376978405,physical,233999999782070517784,1.114285713247955e+19,233999999782070517784,0
primary,ND-PC-NOLP,100,405674777376978405,derived,233999999782070517784,1.114285713247955e+19,233999999782070517784,0
primary,ND-PW,100,5516199827559636311,physical,234000000000000000000,1.56e+19,234000000000000000000,0
primary,ND-PW-OFFSET,100,5516199827559636311,physical,234000000000000000000,1.56e+19,234000000000000000000,0
primary,ND-PC,100,5516199827559636311,physical,233999999782070517780,1.5599999985471367e+19,233999999782070517780,0
primary,ND-PC-NOLP,100,5516199827559636311,derived,233999999782070517780,1.5599999985471367e+19,233999999782070517780,0
primary,ND-PW,100,676253669661655881,physical,234000000000000000000,1.3e+19,234000000000000000000,0
primary,ND-PW-OFFSET,100,676253669661655881,physical,234000000000000000000,1.3e+19,234000000000000000000,0
primary,ND-PC,100,676253669661655881,physical,233999999782070517772,1.2999999987892806e+19,233999999782070517772,0
primary,ND-PC-NOLP,100,676253669661655881,derived,233999999782070517772,1.2999999987892806e+19,233999999782070517772,0
primary,ND-PW,100,4902971022134724746,physical,234000000000000000000,1.95e+19,234000000000000000000,0
primary,ND-PW-OFFSET,100,4902971022134724746,physical,234000000000000000000,1.95e+19,234000000000000000000,0
primary,ND-PC,100,4902971022134724746,physical,233999999782070517776,1.949999998183921e+19,233999999782070517776,0
primary,ND-PC-NOLP,100,4902971022134724746,derived,233999999782070517776,1.949999998183921e+19,233999999782070517776,0
primary,ND-PW,100,7985863793510020389,physical,234000000000000000000,1.4625e+19,234000000000000000000,0
primary,ND-PW-OFFSET,100,7985863793510020389,physical,234000000000000000000,1.4625e+19,234000000000000000000,0
primary,ND-PC,100,7985863793510020389,physical,233999999782070517776,1.4624999986379407e+19,233999999782070517776,0
primary,ND-PC-NOLP,100,7985863793510020389,derived,233999999782070517776,1.4624999986379407e+19,233999999782070517776,0
primary,ND-PW,100,5259580605389323177,physical,234000000000000000000,1.4625e+19,234000000000000000000,0
primary,ND-PW-OFFSET,100,5259580605389323177,physical,234000000000000000000,1.4625e+19,234000000000000000000,0
primary,ND-PC,100,5259580605389323177,physical,233999999782070517780,1.4624999986379407e+19,233999999782070517780,0
primary,ND-PC-NOLP,100,5259580605389323177,derived,233999999782070517780,1.4624999986379407e+19,233999999782070517780,0
primary,ND-PW,100,14894895525097951974,physical,234000000000000000000,1.56e+19,234000000000000000000,0
primary,ND-PW-OFFSET,100,14894895525097951974,physical,234000000000000000000,1.56e+19,234000000000000000000,0
primary,ND-PC,100,14894895525097951974,physical,233999999782070517776,1.5599999985471367e+19,233999999782070517776,0
primary,ND-PC-NOLP,100,14894895525097951974,derived,233999999782070517776,1.5599999985471367e+19,233999999782070517776,0
primary,ND-PW,100,14255052758501613198,physical,234000000000000000000,8.666666666666667e+18,234000000000000000000,0
primary,ND-PW-OFFSET,100,14255052758501613198,physical,234000000000000000000,8.666666666666667e+18,234000000000000000000,0
primary,ND-PC,100,14255052758501613198,physical,233999999782070517792,8.666666658595204e+18,233999999782070517792,0
primary,ND-PC-NOLP,100,14255052758501613198,derived,233999999782070517792,8.666666658595204e+18,233999999782070517792,0
primary,ND-PW,100,14970427933435388700,physical,234000000000000000000,9.36e+18,234000000000000000000,0
primary,ND-PW-OFFSET,100,14970427933435388700,physical,234000000000000000000,9.36e+18,234000000000000000000,0
primary,ND-PC,100,14970427933435388700,physical,233999999782070517784,9.359999991282821e+18,233999999782070517784,0
primary,ND-PC-NOLP,100,14970427933435388700,derived,233999999782070517784,9.359999991282821e+18,233999999782070517784,0
primary,ND-PW,100,6530983822519173908,physical,234000000000000000000,9.36e+18,234000000000000000000,0
primary,ND-PW-OFFSET,100,6530983822519173908,physical,234000000000000000000,9.36e+18,234000000000000000000,0
primary,ND-PC,100,6530983822519173908,physical,233999999782070517792,9.359999991282821e+18,233999999782070517792,0
primary,ND-PC-NOLP,100,6530983822519173908,derived,233999999782070517792,9.359999991282821e+18,233999999782070517792,0
primary,ND-PW,100,16478255227937338382,physical,234000000000000000000,1.3e+19,234000000000000000000,0
primary,ND-PW-OFFSET,100,16478255227937338382,physical,234000000000000000000,1.3e+19,234000000000000000000,0
primary,ND-PC,100,16478255227937338382,physical,233999999782070517780,1.2999999987892806e+19,233999999782070517780,0
primary,ND-PC-NOLP,100,16478255227937338382,derived,233999999782070517780,1.2999999987892806e+19,233999999782070517780,0
primary,ND-PW,100,447822293856133746,physical,234000000000000000000,1.56e+19,234000000000000000000,0
primary,ND-PW-OFFSET,100,447822293856133746,physical,234000000000000000000,1.56e+19,234000000000000000000,0
primary,ND-PC,100,447822293856133746,physical,233999999782070517772,1.5599999985471367e+19,233999999782070517772,0
primary,ND-PC-NOLP,100,447822293856133746,derived,233999999782070517772,1.5599999985471367e+19,233999999782070517772,0
primary,ND-PW,100,9364596802063509215,physical,234000000000000000000,1.3e+19,234000000000000000000,0
primary,ND-PW-OFFSET,100,9364596802063509215,physical,234000000000000000000,1.3e+19,234000000000000000000,0
primary,ND-PC,100,9364596802063509215,physical,233999999782070517780,1.2999999987892806e+19,233999999782070517780,0
primary,ND-PC-NOLP,100,9364596802063509215,derived,233999999782070517780,1.2999999987892806e+19,233999999782070517780,0
primary,ND-PW,100,6483795830361016413,physical,234000000000000000000,1.6714285714285713e+19,234000000000000000000,0
primary,ND-PW-OFFSET,100,6483795830361016413,physical,234000000000000000000,1.6714285714285713e+19,234000000000000000000,0
primary,ND-PC,100,6483795830361016413,physical,233999999782070517768,1.6714285698719322e+19,233999999782070517768,0
primary,ND-PC-NOLP,100,6483795830361016413,derived,233999999782070517768,1.6714285698719322e+19,233999999782070517768,0
primary,ND-PW,100,13726057523507487050,physical,234000000000000000000,1.0636363636363637e+19,234000000000000000000,0
primary,ND-PW-OFFSET,100,13726057523507487050,physical,234000000000000000000,1.0636363636363637e+19,234000000000000000000,0
primary,ND-PC,100,13726057523507487050,physical,233999999782070517788,1.0636363626457752e+19,233999999782070517788,0
primary,ND-PC-NOLP,100,13726057523507487050,derived,233999999782070517788,1.0636363626457752e+19,233999999782070517788,0
primary,ND-PW,100,592649121540029029,physical,234000000000000000000,1.3e+19,234000000000000000000,0
primary,ND-PW-OFFSET,100,592649121540029029,physical,234000000000000000000,1.3e+19,234000000000000000000,0
primary,ND-PC,100,592649121540029029,physical,233999999782070517780,1.2999999987892806e+19,233999999782070517780,0
primary,ND-PC-NOLP,100,592649121540029029,derived,233999999782070517780,1.2999999987892806e+19,233999999782070517780,0
primary,ND-PW,100,13234303622947097637,physical,234000000000000000000,1.0636363636363637e+19,234000000000000000000,0
primary,ND-PW-OFFSET,100,13234303622947097637,physical,234000000000000000000,1.0636363636363637e+19,234000000000000000000,0
primary,ND-PC,100,13234303622947097637,physical,233999999782070517788,1.0636363626457752e+19,233999999782070517788,0
primary,ND-PC-NOLP,100,13234303622947097637,derived,233999999782070517788,1.0636363626457752e+19,233999999782070517788,0
primary,ND-PW,100,17788360996555233988,physical,234000000000000000000,1.4625e+19,234000000000000000000,0
primary,ND-PW-OFFSET,100,17788360996555233988,physical,234000000000000000000,1.4625e+19,234000000000000000000,0
primary,ND-PC,100,17788360996555233988,physical,233999999782070517780,1.4624999986379407e+19,233999999782070517780,0
primary,ND-PC-NOLP,100,17788360996555233988,derived,233999999782070517780,1.4624999986379407e+19,233999999782070517780,0
primary,ND-PW,200,467376819415377580,physical,468000000000000000000,2.463157894736842e+19,468000000000000000000,0
primary,ND-PW-OFFSET,200,467376819415377580,physical,468000000000000000000,2.463157894736842e+19,468000000000000000000,0
primary,ND-PC,200,467376819415377580,physical,467999988667667187576,2.463157835092985e+19,467999988667667187576,0
primary,ND-PC-NOLP,200,467376819415377580,derived,467999988667667187576,2.463157835092985e+19,467999988667667187576,0
primary,ND-PW,200,2704408835578762228,physical,468000000000000000000,2.1272727272727273e+19,468000000000000000000,0
primary,ND-PW-OFFSET,200,2704408835578762228,physical,468000000000000000000,2.1272727272727273e+19,468000000000000000000,0
primary,ND-PC,200,2704408835578762228,physical,467999988667667187784,2.1272726757621236e+19,467999988667667187784,0
primary,ND-PC-NOLP,200,2704408835578762228,derived,467999988667667187784,2.1272726757621236e+19,467999988667667187784,0
primary,ND-PW,200,11237067994138084197,physical,468000000000000000000,2.463157894736842e+19,468000000000000000000,0
primary,ND-PW-OFFSET,200,11237067994138084197,physical,468000000000000000000,2.463157894736842e+19,468000000000000000000,0
primary,ND-PC,200,11237067994138084197,physical,467999988667667187264,2.463157835092985e+19,467999988667667187264,0
primary,ND-PC-NOLP,200,11237067994138084197,derived,467999988667667187264,2.463157835092985e+19,467999988667667187264,0
primary,ND-PW,200,5926412735843326529,physical,468000000000000000000,4.254545454545455e+19,468000000000000000000,0
primary,ND-PW-OFFSET,200,5926412735843326529,physical,468000000000000000000,4.254545454545455e+19,468000000000000000000,0
primary,ND-PC,200,5926412735843326529,physical,467999988667667187056,4.254545351524247e+19,467999988667667187056,0
primary,ND-PC-NOLP,200,5926412735843326529,derived,467999988667667187056,4.254545351524247e+19,467999988667667187056,0
primary,ND-PW,200,5192363207272324882,physical,468000000000000000000,2.7529411764705882e+19,468000000000000000000,0
primary,ND-PW-OFFSET,200,5192363207272324882,physical,468000000000000000000,2.7529411764705882e+19,468000000000000000000,0
primary,ND-PC,200,5192363207272324882,physical,467999988667667187160,2.752941109809807e+19,467999988667667187160,0
primary,ND-PC-NOLP,200,5192363207272324882,derived,467999988667667187160,2.752941109809807e+19,467999988667667187160,0
primary,ND-PW,200,14936110819278713214,physical,468000000000000000000,2.7529411764705882e+19,468000000000000000000,0
primary,ND-PW-OFFSET,200,14936110819278713214,physical,468000000000000000000,2.7529411764705882e+19,468000000000000000000,0
primary,ND-PC,200,14936110819278713214,physical,467999988667667187576,2.752941109809807e+19,467999988667667187576,0
primary,ND-PC-NOLP,200,14936110819278713214,derived,467999988667667187576,2.752941109809807e+19,467999988667667187576,0
primary,ND-PW,200,15027284727339452496,physical,468000000000000000000,3.3428571428571427e+19,468000000000000000000,0
primary,ND-PW-OFFSET,200,15027284727339452496,physical,468000000000000000000,3.3428571428571427e+19,468000000000000000000,0
primary,ND-PC,200,15027284727339452496,physical,467999988667667187264,3.3428570619119084e+19,467999988667667187264,0
primary,ND-PC-NOLP,200,15027284727339452496,derived,467999988667667187264,3.3428570619119084e+19,467999988667667187264,0
primary,ND-PW,200,529132900484142986,physical,468000000000000000000,3.6e+19,468000000000000000000,0
primary,ND-PW-OFFSET,200,529132900484142986,physical,468000000000000000000,3.6e+19,468000000000000000000,0
primary,ND-PC,200,529132900484142986,physical,467999988667667187160,3.599999912828209e+19,467999988667667187160,0
primary,ND-PC-NOLP,200,529132900484142986,derived,467999988667667187160,3.599999912828209e+19,467999988667667187160,0
primary,ND-PW,200,8583420154531566926,physical,468000000000000000000,3.12e+19,468000000000000000000,0
primary,ND-PW-OFFSET,200,8583420154531566926,physical,468000000000000000000,3.12e+19,468000000000000000000,0
primary,ND-PC,200,8583420154531566926,physical,467999988667667187264,3.1199999244511146e+19,467999988667667187264,0
primary,ND-PC-NOLP,200,8583420154531566926,derived,467999988667667187264,3.1199999244511146e+19,467999988667667187264,0
primary,ND-PW,200,16465068975321571430,physical,468000000000000000000,4.254545454545455e+19,468000000000000000000,0
primary,ND-PW-OFFSET,200,16465068975321571430,physical,468000000000000000000,4.254545454545455e+19,468000000000000000000,0
primary,ND-PC,200,16465068975321571430,physical,467999988667667187056,4.254545351524247e+19,467999988667667187056,0
primary,ND-PC-NOLP,200,16465068975321571430,derived,467999988667667187056,4.254545351524247e+19,467999988667667187056,0
primary,ND-PW,200,1580318165844385263,physical,468000000000000000000,3.9e+19,468000000000000000000,0
primary,ND-PW-OFFSET,200,1580318165844385263,physical,468000000000000000000,3.9e+19,468000000000000000000,0
primary,ND-PC,200,1580318165844385263,physical,467999988667667187160,3.899999905563893e+19,467999988667667187160,0
primary,ND-PC-NOLP,200,1580318165844385263,derived,467999988667667187160,3.899999905563893e+19,467999988667667187160,0
primary,ND-PW,200,860680765458012691,physical,468000000000000000000,1.6137931034482758e+19,468000000000000000000,0
primary,ND-PW-OFFSET,200,860680765458012691,physical,468000000000000000000,1.6137931034482758e+19,468000000000000000000,0
primary,ND-PC,200,860680765458012691,physical,467999988667667187888,1.6137930643712662e+19,467999988667667187888,0
primary,ND-PC-NOLP,200,860680765458012691,derived,467999988667667187888,1.6137930643712662e+19,467999988667667187888,0
primary,ND-PW,200,405674777376978405,physical,468000000000000000000,2.2285714285714285e+19,468000000000000000000,0
primary,ND-PW-OFFSET,200,405674777376978405,physical,468000000000000000000,2.2285714285714285e+19,468000000000000000000,0
primary,ND-PC,200,405674777376978405,physical,467999988667667187576,2.228571374607939e+19,467999988667667187576,0
primary,ND-PC-NOLP,200,405674777376978405,derived,467999988667667187576,2.228571374607939e+19,467999988667667187576,0
primary,ND-PW,200,5516199827559636311,physical,468000000000000000000,3.12e+19,468000000000000000000,0
primary,ND-PW-OFFSET,200,5516199827559636311,physical,468000000000000000000,3.12e+19,468000000000000000000,0
primary,ND-PC,200,5516199827559636311,physical,467999988667667187368,3.1199999244511146e+19,467999988667667187368,0
primary,ND-PC-NOLP,200,5516199827559636311,derived,467999988667667187368,3.1199999244511146e+19,467999988667667187368,0
primary,ND-PW,200,676253669661655881,physical,468000000000000000000,2.6e+19,468000000000000000000,0
primary,ND-PW-OFFSET,200,676253669661655881,physical,468000000000000000000,2.6e+19,468000000000000000000,0
primary,ND-PC,200,676253669661655881,physical,467999988667667187264,2.5999999370425954e+19,467999988667667187264,0
primary,ND-PC-NOLP,200,676253669661655881,derived,467999988667667187264,2.5999999370425954e+19,467999988667667187264,0
primary,ND-PW,200,4902971022134724746,physical,468000000000000000000,3.9e+19,468000000000000000000,0
primary,ND-PW-OFFSET,200,4902971022134724746,physical,468000000000000000000,3.9e+19,468000000000000000000,0
primary,ND-PC,200,4902971022134724746,physical,467999988667667187472,3.899999905563893e+19,467999988667667187472,0
primary,ND-PC-NOLP,200,4902971022134724746,derived,467999988667667187472,3.899999905563893e+19,467999988667667187472,0
primary,ND-PW,200,7985863793510020389,physical,468000000000000000000,2.925e+19,468000000000000000000,0
primary,ND-PW-OFFSET,200,7985863793510020389,physical,468000000000000000000,2.925e+19,468000000000000000000,0
primary,ND-PC,200,7985863793510020389,physical,467999988667667187264,2.92499992917292e+19,467999988667667187264,0
primary,ND-PC-NOLP,200,7985863793510020389,derived,467999988667667187264,2.92499992917292e+19,467999988667667187264,0
primary,ND-PW,200,5259580605389323177,physical,468000000000000000000,2.925e+19,468000000000000000000,0
primary,ND-PW-OFFSET,200,5259580605389323177,physical,468000000000000000000,2.925e+19,468000000000000000000,0
primary,ND-PC,200,5259580605389323177,physical,467999988667667187368,2.92499992917292e+19,467999988667667187368,0
primary,ND-PC-NOLP,200,5259580605389323177,derived,467999988667667187368,2.92499992917292e+19,467999988667667187368,0
primary,ND-PW,200,14894895525097951974,physical,468000000000000000000,3.12e+19,468000000000000000000,0
primary,ND-PW-OFFSET,200,14894895525097951974,physical,468000000000000000000,3.12e+19,468000000000000000000,0
primary,ND-PC,200,14894895525097951974,physical,467999988667667187264,3.1199999244511146e+19,467999988667667187264,0
primary,ND-PC-NOLP,200,14894895525097951974,derived,467999988667667187264,3.1199999244511146e+19,467999988667667187264,0
primary,ND-PW,200,14255052758501613198,physical,468000000000000000000,1.7333333333333334e+19,468000000000000000000,0
primary,ND-PW-OFFSET,200,14255052758501613198,physical,468000000000000000000,1.7333333333333334e+19,468000000000000000000,0
primary,ND-PC,200,14255052758501613198,physical,467999988667667187992,1.7333332913617304e+19,467999988667667187992,0
primary,ND-PC-NOLP,200,14255052758501613198,derived,467999988667667187992,1.7333332913617304e+19,467999988667667187992,0
primary,ND-PW,200,14970427933435388700,physical,468000000000000000000,1.872e+19,468000000000000000000,0
primary,ND-PW-OFFSET,200,14970427933435388700,physical,468000000000000000000,1.872e+19,468000000000000000000,0
primary,ND-PC,200,14970427933435388700,physical,467999988667667187784,1.8719999546706686e+19,467999988667667187784,0
primary,ND-PC-NOLP,200,14970427933435388700,derived,467999988667667187784,1.8719999546706686e+19,467999988667667187784,0
primary,ND-PW,200,6530983822519173908,physical,468000000000000000000,1.872e+19,468000000000000000000,0
primary,ND-PW-OFFSET,200,6530983822519173908,physical,468000000000000000000,1.872e+19,468000000000000000000,0
primary,ND-PC,200,6530983822519173908,physical,467999988667667187784,1.8719999546706686e+19,467999988667667187784,0
primary,ND-PC-NOLP,200,6530983822519173908,derived,467999988667667187784,1.8719999546706686e+19,467999988667667187784,0
primary,ND-PW,200,16478255227937338382,physical,468000000000000000000,2.6e+19,468000000000000000000,0
primary,ND-PW-OFFSET,200,16478255227937338382,physical,468000000000000000000,2.6e+19,468000000000000000000,0
primary,ND-PC,200,16478255227937338382,physical,467999988667667187264,2.5999999370425954e+19,467999988667667187264,0
primary,ND-PC-NOLP,200,16478255227937338382,derived,467999988667667187264,2.5999999370425954e+19,467999988667667187264,0
primary,ND-PW,200,447822293856133746,physical,468000000000000000000,3.12e+19,468000000000000000000,0
primary,ND-PW-OFFSET,200,447822293856133746,physical,468000000000000000000,3.12e+19,468000000000000000000,0
primary,ND-PC,200,447822293856133746,physical,467999988667667187368,3.1199999244511146e+19,467999988667667187368,0
primary,ND-PC-NOLP,200,447822293856133746,derived,467999988667667187368,3.1199999244511146e+19,467999988667667187368,0
primary,ND-PW,200,9364596802063509215,physical,468000000000000000000,2.6e+19,468000000000000000000,0
primary,ND-PW-OFFSET,200,9364596802063509215,physical,468000000000000000000,2.6e+19,468000000000000000000,0
primary,ND-PC,200,9364596802063509215,physical,467999988667667187472,2.5999999370425954e+19,467999988667667187472,0
primary,ND-PC-NOLP,200,9364596802063509215,derived,467999988667667187472,2.5999999370425954e+19,467999988667667187472,0
primary,ND-PW,200,6483795830361016413,physical,468000000000000000000,3.3428571428571427e+19,468000000000000000000,0
primary,ND-PW-OFFSET,200,6483795830361016413,physical,468000000000000000000,3.3428571428571427e+19,468000000000000000000,0
primary,ND-PC,200,6483795830361016413,physical,467999988667667187160,3.3428570619119084e+19,467999988667667187160,0
primary,ND-PC-NOLP,200,6483795830361016413,derived,467999988667667187160,3.3428570619119084e+19,467999988667667187160,0
primary,ND-PW,200,13726057523507487050,physical,468000000000000000000,2.1272727272727273e+19,468000000000000000000,0
primary,ND-PW-OFFSET,200,13726057523507487050,physical,468000000000000000000,2.1272727272727273e+19,468000000000000000000,0
primary,ND-PC,200,13726057523507487050,physical,467999988667667187680,2.1272726757621236e+19,467999988667667187680,0
primary,ND-PC-NOLP,200,13726057523507487050,derived,467999988667667187680,2.1272726757621236e+19,467999988667667187680,0
primary,ND-PW,200,592649121540029029,physical,468000000000000000000,2.6e+19,468000000000000000000,0
primary,ND-PW-OFFSET,200,592649121540029029,physical,468000000000000000000,2.6e+19,468000000000000000000,0
primary,ND-PC,200,592649121540029029,physical,467999988667667187576,2.5999999370425954e+19,467999988667667187576,0
primary,ND-PC-NOLP,200,592649121540029029,derived,467999988667667187576,2.5999999370425954e+19,467999988667667187576,0
primary,ND-PW,200,13234303622947097637,physical,468000000000000000000,2.1272727272727273e+19,468000000000000000000,0
primary,ND-PW-OFFSET,200,13234303622947097637,physical,468000000000000000000,2.1272727272727273e+19,468000000000000000000,0
primary,ND-PC,200,13234303622947097637,physical,467999988667667187784,2.1272726757621236e+19,467999988667667187784,0
primary,ND-PC-NOLP,200,13234303622947097637,derived,467999988667667187784,2.1272726757621236e+19,467999988667667187784,0
primary,ND-PW,200,17788360996555233988,physical,468000000000000000000,2.925e+19,468000000000000000000,0
primary,ND-PW-OFFSET,200,17788360996555233988,physical,468000000000000000000,2.925e+19,468000000000000000000,0
primary,ND-PC,200,17788360996555233988,physical,467999988667667187472,2.92499992917292e+19,467999988667667187472,0
primary,ND-PC-NOLP,200,17788360996555233988,derived,467999988667667187472,2.92499992917292e+19,467999988667667187472,0
primary,ND-PW,300,467376819415377580,physical,702000000000000000000,3.694736842105263e+19,702000000000000000000,0
primary,ND-PW-OFFSET,300,467376819415377580,physical,702000000000000000000,3.694736842105263e+19,702000000000000000000,0
primary,ND-PC,300,467376819415377580,physical,701999983001500780480,3.694736752639478e+19,701999983001500780480,0
primary,ND-PC-NOLP,300,467376819415377580,derived,701999983001500780480,3.694736752639478e+19,701999983001500780480,0
primary,ND-PW,300,2704408835578762228,physical,702000000000000000000,3.190909090909091e+19,702000000000000000000,0
primary,ND-PW-OFFSET,300,2704408835578762228,physical,702000000000000000000,3.190909090909091e+19,702000000000000000000,0
primary,ND-PC,300,2704408835578762228,physical,701999983001500781104,3.1909090136431854e+19,701999983001500781104,0
primary,ND-PC-NOLP,300,2704408835578762228,derived,701999983001500781104,3.1909090136431854e+19,701999983001500781104,0
primary,ND-PW,300,11237067994138084197,physical,702000000000000000000,3.694736842105263e+19,702000000000000000000,0
primary,ND-PW-OFFSET,300,11237067994138084197,physical,702000000000000000000,3.694736842105263e+19,702000000000000000000,0
primary,ND-PC,300,11237067994138084197,physical,701999983001500780792,3.694736752639478e+19,701999983001500780792,0
primary,ND-PC-NOLP,300,11237067994138084197,derived,701999983001500780792,3.694736752639478e+19,701999983001500780792,0
primary,ND-PW,300,5926412735843326529,physical,702000000000000000000,6.381818181818182e+19,702000000000000000000,0
primary,ND-PW-OFFSET,300,5926412735843326529,physical,702000000000000000000,6.381818181818182e+19,702000000000000000000,0
primary,ND-PC,300,5926412735843326529,physical,701999983001500780272,6.381818027286371e+19,701999983001500780272,0
primary,ND-PC-NOLP,300,5926412735843326529,derived,701999983001500780272,6.381818027286371e+19,701999983001500780272,0
primary,ND-PW,300,5192363207272324882,physical,702000000000000000000,4.129411764705882e+19,702000000000000000000,0
primary,ND-PW-OFFSET,300,5192363207272324882,physical,702000000000000000000,4.129411764705882e+19,702000000000000000000,0
primary,ND-PC,300,5192363207272324882,physical,701999983001500780792,4.12941166471471e+19,701999983001500780792,0
primary,ND-PC-NOLP,300,5192363207272324882,derived,701999983001500780792,4.12941166471471e+19,701999983001500780792,0
primary,ND-PW,300,14936110819278713214,physical,702000000000000000000,4.129411764705882e+19,702000000000000000000,0
primary,ND-PW-OFFSET,300,14936110819278713214,physical,702000000000000000000,4.129411764705882e+19,702000000000000000000,0
primary,ND-PC,300,14936110819278713214,physical,701999983001500780896,4.12941166471471e+19,701999983001500780896,0
primary,ND-PC-NOLP,300,14936110819278713214,derived,701999983001500780896,4.12941166471471e+19,701999983001500780896,0
primary,ND-PW,300,15027284727339452496,physical,702000000000000000000,5.014285714285715e+19,702000000000000000000,0
primary,ND-PW-OFFSET,300,15027284727339452496,physical,702000000000000000000,5.014285714285715e+19,702000000000000000000,0
primary,ND-PC,300,15027284727339452496,physical,701999983001500780584,5.014285592867863e+19,701999983001500780584,0
primary,ND-PC-NOLP,300,15027284727339452496,derived,701999983001500780584,5.014285592867863e+19,701999983001500780584,0
primary,ND-PW,300,529132900484142986,physical,702000000000000000000,5.4e+19,702000000000000000000,0
primary,ND-PW-OFFSET,300,529132900484142986,physical,702000000000000000000,5.4e+19,702000000000000000000,0
primary,ND-PC,300,529132900484142986,physical,701999983001500780480,5.399999869242314e+19,701999983001500780480,0
primary,ND-PC-NOLP,300,529132900484142986,derived,701999983001500780480,5.399999869242314e+19,701999983001500780480,0
primary,ND-PW,300,8583420154531566926,physical,702000000000000000000,4.68e+19,702000000000000000000,0
primary,ND-PW-OFFSET,300,8583420154531566926,physical,702000000000000000000,4.68e+19,702000000000000000000,0
primary,ND-PC,300,8583420154531566926,physical,701999983001500780688,4.679999886676672e+19,701999983001500780688,0
primary,ND-PC-NOLP,300,8583420154531566926,derived,701999983001500780688,4.679999886676672e+19,701999983001500780688,0
primary,ND-PW,300,16465068975321571430,physical,702000000000000000000,6.381818181818182e+19,702000000000000000000,0
primary,ND-PW-OFFSET,300,16465068975321571430,physical,702000000000000000000,6.381818181818182e+19,702000000000000000000,0
primary,ND-PC,300,16465068975321571430,physical,701999983001500780272,6.381818027286371e+19,701999983001500780272,0
primary,ND-PC-NOLP,300,16465068975321571430,derived,701999983001500780272,6.381818027286371e+19,701999983001500780272,0
primary,ND-PW,300,1580318165844385263,physical,702000000000000000000,5.85e+19,702000000000000000000,0
primary,ND-PW-OFFSET,300,1580318165844385263,physical,702000000000000000000,5.85e+19,702000000000000000000,0
primary,ND-PC,300,1580318165844385263,physical,701999983001500780480,5.84999985834584e+19,701999983001500780480,0
primary,ND-PC-NOLP,300,1580318165844385263,derived,701999983001500780480,5.84999985834584e+19,701999983001500780480,0
primary,ND-PW,300,860680765458012691,physical,702000000000000000000,2.420689655172414e+19,702000000000000000000,0
primary,ND-PW-OFFSET,300,860680765458012691,physical,702000000000000000000,2.420689655172414e+19,702000000000000000000,0
primary,ND-PC,300,860680765458012691,physical,701999983001500781208,2.420689596556899e+19,701999983001500781208,0
primary,ND-PC-NOLP,300,860680765458012691,derived,701999983001500781208,2.420689596556899e+19,701999983001500781208,0
primary,ND-PW,300,405674777376978405,physical,702000000000000000000,3.3428571428571427e+19,702000000000000000000,0
primary,ND-PW-OFFSET,300,405674777376978405,physical,702000000000000000000,3.3428571428571427e+19,702000000000000000000,0
primary,ND-PC,300,405674777376978405,physical,701999983001500781104,3.3428570619119084e+19,701999983001500781104,0
primary,ND-PC-NOLP,300,405674777376978405,derived,701999983001500781104,3.3428570619119084e+19,701999983001500781104,0
primary,ND-PW,300,5516199827559636311,physical,702000000000000000000,4.68e+19,702000000000000000000,0
primary,ND-PW-OFFSET,300,5516199827559636311,physical,702000000000000000000,4.68e+19,702000000000000000000,0
primary,ND-PC,300,5516199827559636311,physical,701999983001500780688,4.679999886676672e+19,701999983001500780688,0
primary,ND-PC-NOLP,300,5516199827559636311,derived,701999983001500780688,4.679999886676672e+19,701999983001500780688,0
primary,ND-PW,300,676253669661655881,physical,702000000000000000000,3.9e+19,702000000000000000000,0
primary,ND-PW-OFFSET,300,676253669661655881,physical,702000000000000000000,3.9e+19,702000000000000000000,0
primary,ND-PC,300,676253669661655881,physical,701999983001500780896,3.899999905563893e+19,701999983001500780896,0
primary,ND-PC-NOLP,300,676253669661655881,derived,701999983001500780896,3.899999905563893e+19,701999983001500780896,0
primary,ND-PW,300,4902971022134724746,physical,702000000000000000000,5.85e+19,702000000000000000000,0
primary,ND-PW-OFFSET,300,4902971022134724746,physical,702000000000000000000,5.85e+19,702000000000000000000,0
primary,ND-PC,300,4902971022134724746,physical,701999983001500780584,5.84999985834584e+19,701999983001500780584,0
primary,ND-PC-NOLP,300,4902971022134724746,derived,701999983001500780584,5.84999985834584e+19,701999983001500780584,0
primary,ND-PW,300,7985863793510020389,physical,702000000000000000000,4.3875e+19,702000000000000000000,0
primary,ND-PW-OFFSET,300,7985863793510020389,physical,702000000000000000000,4.3875e+19,702000000000000000000,0
primary,ND-PC,300,7985863793510020389,physical,701999983001500780584,4.38749989375938e+19,701999983001500780584,0
primary,ND-PC-NOLP,300,7985863793510020389,derived,701999983001500780584,4.38749989375938e+19,701999983001500780584,0
primary,ND-PW,300,5259580605389323177,physical,702000000000000000000,4.3875e+19,702000000000000000000,0
primary,ND-PW-OFFSET,300,5259580605389323177,physical,702000000000000000000,4.3875e+19,702000000000000000000,0
primary,ND-PC,300,5259580605389323177,physical,701999983001500780688,4.38749989375938e+19,701999983001500780688,0
primary,ND-PC-NOLP,300,5259580605389323177,derived,701999983001500780688,4.38749989375938e+19,701999983001500780688,0
primary,ND-PW,300,14894895525097951974,physical,702000000000000000000,4.68e+19,702000000000000000000,0
primary,ND-PW-OFFSET,300,14894895525097951974,physical,702000000000000000000,4.68e+19,702000000000000000000,0
primary,ND-PC,300,14894895525097951974,physical,701999983001500780792,4.679999886676672e+19,701999983001500780792,0
primary,ND-PC-NOLP,300,14894895525097951974,derived,701999983001500780792,4.679999886676672e+19,701999983001500780792,0
primary,ND-PW,300,14255052758501613198,physical,702000000000000000000,2.6e+19,702000000000000000000,0
primary,ND-PW-OFFSET,300,14255052758501613198,physical,702000000000000000000,2.6e+19,702000000000000000000,0
primary,ND-PC,300,14255052758501613198,physical,701999983001500781000,2.5999999370425954e+19,701999983001500781000,0
primary,ND-PC-NOLP,300,14255052758501613198,derived,701999983001500781000,2.5999999370425954e+19,701999983001500781000,0
primary,ND-PW,300,14970427933435388700,physical,702000000000000000000,2.808e+19,702000000000000000000,0
primary,ND-PW-OFFSET,300,14970427933435388700,physical,702000000000000000000,2.808e+19,702000000000000000000,0
primary,ND-PC,300,14970427933435388700,physical,701999983001500781104,2.807999932006003e+19,701999983001500781104,0
primary,ND-PC-NOLP,300,14970427933435388700,derived,701999983001500781104,2.807999932006003e+19,701999983001500781104,0
primary,ND-PW,300,6530983822519173908,physical,702000000000000000000,2.808e+19,702000000000000000000,0
primary,ND-PW-OFFSET,300,6530983822519173908,physical,702000000000000000000,2.808e+19,702000000000000000000,0
primary,ND-PC,300,6530983822519173908,physical,701999983001500780896,2.807999932006003e+19,701999983001500780896,0
primary,ND-PC-NOLP,300,6530983822519173908,derived,701999983001500780896,2.807999932006003e+19,701999983001500780896,0
primary,ND-PW,300,16478255227937338382,physical,702000000000000000000,3.9e+19,702000000000000000000,0
primary,ND-PW-OFFSET,300,16478255227937338382,physical,702000000000000000000,3.9e+19,702000000000000000000,0
primary,ND-PC,300,16478255227937338382,physical,701999983001500780792,3.899999905563893e+19,701999983001500780792,0
primary,ND-PC-NOLP,300,16478255227937338382,derived,701999983001500780792,3.899999905563893e+19,701999983001500780792,0
primary,ND-PW,300,447822293856133746,physical,702000000000000000000,4.68e+19,702000000000000000000,0
primary,ND-PW-OFFSET,300,447822293856133746,physical,702000000000000000000,4.68e+19,702000000000000000000,0
primary,ND-PC,300,447822293856133746,physical,701999983001500780480,4.679999886676672e+19,701999983001500780480,0
primary,ND-PC-NOLP,300,447822293856133746,derived,701999983001500780480,4.679999886676672e+19,701999983001500780480,0
primary,ND-PW,300,9364596802063509215,physical,702000000000000000000,3.9e+19,702000000000000000000,0
primary,ND-PW-OFFSET,300,9364596802063509215,physical,702000000000000000000,3.9e+19,702000000000000000000,0
primary,ND-PC,300,9364596802063509215,physical,701999983001500780688,3.899999905563893e+19,701999983001500780688,0
primary,ND-PC-NOLP,300,9364596802063509215,derived,701999983001500780688,3.899999905563893e+19,701999983001500780688,0
primary,ND-PW,300,6483795830361016413,physical,702000000000000000000,5.014285714285715e+19,702000000000000000000,0
primary,ND-PW-OFFSET,300,6483795830361016413,physical,702000000000000000000,5.014285714285715e+19,702000000000000000000,0
primary,ND-PC,300,6483795830361016413,physical,701999983001500780584,5.014285592867863e+19,701999983001500780584,0
primary,ND-PC-NOLP,300,6483795830361016413,derived,701999983001500780584,5.014285592867863e+19,701999983001500780584,0
primary,ND-PW,300,13726057523507487050,physical,702000000000000000000,3.190909090909091e+19,702000000000000000000,0
primary,ND-PW-OFFSET,300,13726057523507487050,physical,702000000000000000000,3.190909090909091e+19,702000000000000000000,0
primary,ND-PC,300,13726057523507487050,physical,701999983001500781104,3.1909090136431854e+19,701999983001500781104,0
primary,ND-PC-NOLP,300,13726057523507487050,derived,701999983001500781104,3.1909090136431854e+19,701999983001500781104,0
primary,ND-PW,300,592649121540029029,physical,702000000000000000000,3.9e+19,702000000000000000000,0
primary,ND-PW-OFFSET,300,592649121540029029,physical,702000000000000000000,3.9e+19,702000000000000000000,0
primary,ND-PC,300,592649121540029029,physical,701999983001500780792,3.899999905563893e+19,701999983001500780792,0
primary,ND-PC-NOLP,300,592649121540029029,derived,701999983001500780792,3.899999905563893e+19,701999983001500780792,0
primary,ND-PW,300,13234303622947097637,physical,702000000000000000000,3.190909090909091e+19,702000000000000000000,0
primary,ND-PW-OFFSET,300,13234303622947097637,physical,702000000000000000000,3.190909090909091e+19,702000000000000000000,0
primary,ND-PC,300,13234303622947097637,physical,701999983001500780792,3.1909090136431854e+19,701999983001500780792,0
primary,ND-PC-NOLP,300,13234303622947097637,derived,701999983001500780792,3.1909090136431854e+19,701999983001500780792,0
primary,ND-PW,300,17788360996555233988,physical,702000000000000000000,4.3875e+19,702000000000000000000,0
primary,ND-PW-OFFSET,300,17788360996555233988,physical,702000000000000000000,4.3875e+19,702000000000000000000,0
primary,ND-PC,300,17788360996555233988,physical,701999983001500780480,4.38749989375938e+19,701999983001500780480,0
primary,ND-PC-NOLP,300,17788360996555233988,derived,701999983001500780480,4.38749989375938e+19,701999983001500780480,0
primary,ND-PW,400,467376819415377580,physical,936000000000000000000,4.926315789473684e+19,936000000000000000000,0
primary,ND-PW-OFFSET,400,467376819415377580,physical,936000000000000000000,4.926315789473684e+19,936000000000000000000,0
primary,ND-PC,400,467376819415377580,physical,935999933749442024704,4.926315440786537e+19,935999933749442024704,0
primary,ND-PC-NOLP,400,467376819415377580,derived,935999933749442024704,4.926315440786537e+19,935999933749442024704,0
primary,ND-PW,400,2704408835578762228,physical,936000000000000000000,4.254545454545455e+19,936000000000000000000,0
primary,ND-PW-OFFSET,400,2704408835578762228,physical,936000000000000000000,4.254545454545455e+19,936000000000000000000,0
primary,ND-PC,400,2704408835578762228,physical,935999933749442024400,4.254545153406555e+19,935999933749442024400,0
primary,ND-PC-NOLP,400,2704408835578762228,derived,935999933749442024400,4.254545153406555e+19,935999933749442024400,0
primary,ND-PW,400,11237067994138084197,physical,936000000000000000000,4.926315789473684e+19,936000000000000000000,0
primary,ND-PW-OFFSET,400,11237067994138084197,physical,936000000000000000000,4.926315789473684e+19,936000000000000000000,0
primary,ND-PC,400,11237067994138084197,physical,935999933749442023792,4.926315440786537e+19,935999933749442023792,0
primary,ND-PC-NOLP,400,11237067994138084197,derived,935999933749442023792,4.926315440786537e+19,935999933749442023792,0
primary,ND-PW,400,5926412735843326529,physical,936000000000000000000,8.50909090909091e+19,936000000000000000000,0
primary,ND-PW-OFFSET,400,5926412735843326529,physical,936000000000000000000,8.50909090909091e+19,936000000000000000000,0
primary,ND-PC,400,5926412735843326529,physical,935999933749442023488,8.50909030681311e+19,935999933749442023488,0
primary,ND-PC-NOLP,400,5926412735843326529,derived,935999933749442023488,8.50909030681311e+19,935999933749442023488,0
primary,ND-PW,400,5192363207272324882,physical,936000000000000000000,5.5058823529411764e+19,936000000000000000000,0
primary,ND-PW-OFFSET,400,5192363207272324882,physical,936000000000000000000,5.5058823529411764e+19,936000000000000000000,0
primary,ND-PC,400,5192363207272324882,physical,935999933749442023792,5.505881963232012e+19,935999933749442023792,0
primary,ND-PC-NOLP,400,5192363207272324882,derived,935999933749442023792,5.505881963232012e+19,935999933749442023792,0
primary,ND-PW,400,14936110819278713214,physical,936000000000000000000,5.5058823529411764e+19,936000000000000000000,0
primary,ND-PW-OFFSET,400,14936110819278713214,physical,936000000000000000000,5.5058823529411764e+19,936000000000000000000,0
primary,ND-PC,400,14936110819278713214,physical,935999933749442024400,5.505881963232012e+19,935999933749442024400,0
primary,ND-PC-NOLP,400,14936110819278713214,derived,935999933749442024400,5.505881963232012e+19,935999933749442024400,0
primary,ND-PW,400,15027284727339452496,physical,936000000000000000000,6.685714285714285e+19,936000000000000000000,0
primary,ND-PW-OFFSET,400,15027284727339452496,physical,936000000000000000000,6.685714285714285e+19,936000000000000000000,0
primary,ND-PC,400,15027284727339452496,physical,935999933749442024096,6.6857138124960145e+19,935999933749442024096,0
primary,ND-PC-NOLP,400,15027284727339452496,derived,935999933749442024096,6.6857138124960145e+19,935999933749442024096,0
primary,ND-PW,400,529132900484142986,physical,936000000000000000000,7.2e+19,936000000000000000000,0
primary,ND-PW-OFFSET,400,529132900484142986,physical,936000000000000000000,7.2e+19,936000000000000000000,0
primary,ND-PC,400,529132900484142986,physical,935999933749442022880,7.199999490380323e+19,935999933749442022880,0
primary,ND-PC-NOLP,400,529132900484142986,derived,935999933749442022880,7.199999490380323e+19,935999933749442022880,0
primary,ND-PW,400,8583420154531566926,physical,936000000000000000000,6.24e+19,936000000000000000000,0
primary,ND-PW-OFFSET,400,8583420154531566926,physical,936000000000000000000,6.24e+19,936000000000000000000,0
primary,ND-PC,400,8583420154531566926,physical,935999933749442024096,6.2399995583296135e+19,935999933749442024096,0
primary,ND-PC-NOLP,400,8583420154531566926,derived,935999933749442024096,6.2399995583296135e+19,935999933749442024096,0
primary,ND-PW,400,16465068975321571430,physical,936000000000000000000,8.50909090909091e+19,936000000000000000000,0
primary,ND-PW-OFFSET,400,16465068975321571430,physical,936000000000000000000,8.50909090909091e+19,936000000000000000000,0
primary,ND-PC,400,16465068975321571430,physical,935999933749442023184,8.50909030681311e+19,935999933749442023184,0
primary,ND-PC-NOLP,400,16465068975321571430,derived,935999933749442023184,8.50909030681311e+19,935999933749442023184,0
primary,ND-PW,400,1580318165844385263,physical,936000000000000000000,7.8e+19,936000000000000000000,0
primary,ND-PW-OFFSET,400,1580318165844385263,physical,936000000000000000000,7.8e+19,936000000000000000000,0
primary,ND-PC,400,1580318165844385263,physical,935999933749442022880,7.799999447912017e+19,935999933749442022880,0
primary,ND-PC-NOLP,400,1580318165844385263,derived,935999933749442022880,7.799999447912017e+19,935999933749442022880,0
primary,ND-PW,400,860680765458012691,physical,936000000000000000000,3.2275862068965515e+19,936000000000000000000,0
primary,ND-PW-OFFSET,400,860680765458012691,physical,936000000000000000000,3.2275862068965515e+19,936000000000000000000,0
primary,ND-PC,400,860680765458012691,physical,935999933749442025920,3.227585978446352e+19,935999933749442025920,0
primary,ND-PC-NOLP,400,860680765458012691,derived,935999933749442025920,3.227585978446352e+19,935999933749442025920,0
primary,ND-PW,400,405674777376978405,physical,936000000000000000000,4.457142857142857e+19,936000000000000000000,0
primary,ND-PW-OFFSET,400,405674777376978405,physical,936000000000000000000,4.457142857142857e+19,936000000000000000000,0
primary,ND-PC,400,405674777376978405,physical,935999933749442025008,4.4571425416640094e+19,935999933749442025008,0
primary,ND-PC-NOLP,400,405674777376978405,derived,935999933749442025008,4.4571425416640094e+19,935999933749442025008,0
primary,ND-PW,400,5516199827559636311,physical,936000000000000000000,6.24e+19,936000000000000000000,0
primary,ND-PW-OFFSET,400,5516199827559636311,physical,936000000000000000000,6.24e+19,936000000000000000000,0
primary,ND-PC,400,5516199827559636311,physical,935999933749442024400,6.2399995583296135e+19,935999933749442024400,0
primary,ND-PC-NOLP,400,5516199827559636311,derived,935999933749442024400,6.2399995583296135e+19,935999933749442024400,0
primary,ND-PW,400,676253669661655881,physical,936000000000000000000,5.2e+19,936000000000000000000,0
primary,ND-PW-OFFSET,400,676253669661655881,physical,936000000000000000000,5.2e+19,936000000000000000000,0
primary,ND-PC,400,676253669661655881,physical,935999933749442024096,5.1999996319413445e+19,935999933749442024096,0
primary,ND-PC-NOLP,400,676253669661655881,derived,935999933749442024096,5.1999996319413445e+19,935999933749442024096,0
primary,ND-PW,400,4902971022134724746,physical,936000000000000000000,7.8e+19,936000000000000000000,0
primary,ND-PW-OFFSET,400,4902971022134724746,physical,936000000000000000000,7.8e+19,936000000000000000000,0
primary,ND-PC,400,4902971022134724746,physical,935999933749442023488,7.799999447912017e+19,935999933749442023488,0
primary,ND-PC-NOLP,400,4902971022134724746,derived,935999933749442023488,7.799999447912017e+19,935999933749442023488,0
primary,ND-PW,400,7985863793510020389,physical,936000000000000000000,5.85e+19,936000000000000000000,0
primary,ND-PW-OFFSET,400,7985863793510020389,physical,936000000000000000000,5.85e+19,936000000000000000000,0
primary,ND-PC,400,7985863793510020389,physical,935999933749442024400,5.8499995859340124e+19,935999933749442024400,0
primary,ND-PC-NOLP,400,7985863793510020389,derived,935999933749442024400,5.8499995859340124e+19,935999933749442024400,0
primary,ND-PW,400,5259580605389323177,physical,936000000000000000000,5.85e+19,936000000000000000000,0
primary,ND-PW-OFFSET,400,5259580605389323177,physical,936000000000000000000,5.85e+19,936000000000000000000,0
primary,ND-PC,400,5259580605389323177,physical,935999933749442024400,5.8499995859340124e+19,935999933749442024400,0
primary,ND-PC-NOLP,400,5259580605389323177,derived,935999933749442024400,5.8499995859340124e+19,935999933749442024400,0
primary,ND-PW,400,14894895525097951974,physical,936000000000000000000,6.24e+19,936000000000000000000,0
primary,ND-PW-OFFSET,400,14894895525097951974,physical,936000000000000000000,6.24e+19,936000000000000000000,0
primary,ND-PC,400,14894895525097951974,physical,935999933749442023488,6.2399995583296135e+19,935999933749442023488,0
primary,ND-PC-NOLP,400,14894895525097951974,derived,935999933749442023488,6.2399995583296135e+19,935999933749442023488,0
primary,ND-PW,400,14255052758501613198,physical,936000000000000000000,3.466666666666667e+19,936000000000000000000,0
primary,ND-PW-OFFSET,400,14255052758501613198,physical,936000000000000000000,3.466666666666667e+19,936000000000000000000,0
primary,ND-PC,400,14255052758501613198,physical,935999933749442025920,3.46666642129423e+19,935999933749442025920,0
primary,ND-PC-NOLP,400,14255052758501613198,derived,935999933749442025920,3.46666642129423e+19,935999933749442025920,0
primary,ND-PW,400,14970427933435388700,physical,936000000000000000000,3.744e+19,936000000000000000000,0
primary,ND-PW-OFFSET,400,14970427933435388700,physical,936000000000000000000,3.744e+19,936000000000000000000,0
primary,ND-PC,400,14970427933435388700,physical,935999933749442025008,3.743999734997768e+19,935999933749442025008,0
primary,ND-PC-NOLP,400,14970427933435388700,derived,935999933749442025008,3.743999734997768e+19,935999933749442025008,0
primary,ND-PW,400,6530983822519173908,physical,936000000000000000000,3.744e+19,936000000000000000000,0
primary,ND-PW-OFFSET,400,6530983822519173908,physical,936000000000000000000,3.744e+19,936000000000000000000,0
primary,ND-PC,400,6530983822519173908,physical,935999933749442025312,3.743999734997768e+19,935999933749442025312,0
primary,ND-PC-NOLP,400,6530983822519173908,derived,935999933749442025312,3.743999734997768e+19,935999933749442025312,0
primary,ND-PW,400,16478255227937338382,physical,936000000000000000000,5.2e+19,936000000000000000000,0
primary,ND-PW-OFFSET,400,16478255227937338382,physical,936000000000000000000,5.2e+19,936000000000000000000,0
primary,ND-PC,400,16478255227937338382,physical,935999933749442023792,5.1999996319413445e+19,935999933749442023792,0
primary,ND-PC-NOLP,400,16478255227937338382,derived,935999933749442023792,5.1999996319413445e+19,935999933749442023792,0
primary,ND-PW,400,447822293856133746,physical,936000000000000000000,6.24e+19,936000000000000000000,0
primary,ND-PW-OFFSET,400,447822293856133746,physical,936000000000000000000,6.24e+19,936000000000000000000,0
primary,ND-PC,400,447822293856133746,physical,935999933749442024400,6.2399995583296135e+19,935999933749442024400,0
primary,ND-PC-NOLP,400,447822293856133746,derived,935999933749442024400,6.2399995583296135e+19,935999933749442024400,0
primary,ND-PW,400,9364596802063509215,physical,936000000000000000000,5.2e+19,936000000000000000000,0
primary,ND-PW-OFFSET,400,9364596802063509215,physical,936000000000000000000,5.2e+19,936000000000000000000,0
primary,ND-PC,400,9364596802063509215,physical,935999933749442024400,5.1999996319413445e+19,935999933749442024400,0
primary,ND-PC-NOLP,400,9364596802063509215,derived,935999933749442024400,5.1999996319413445e+19,935999933749442024400,0
primary,ND-PW,400,6483795830361016413,physical,936000000000000000000,6.685714285714285e+19,936000000000000000000,0
primary,ND-PW-OFFSET,400,6483795830361016413,physical,936000000000000000000,6.685714285714285e+19,936000000000000000000,0
primary,ND-PC,400,6483795830361016413,physical,935999933749442023488,6.6857138124960145e+19,935999933749442023488,0
primary,ND-PC-NOLP,400,6483795830361016413,derived,935999933749442023488,6.6857138124960145e+19,935999933749442023488,0
primary,ND-PW,400,13726057523507487050,physical,936000000000000000000,4.254545454545455e+19,936000000000000000000,0
primary,ND-PW-OFFSET,400,13726057523507487050,physical,936000000000000000000,4.254545454545455e+19,936000000000000000000,0
primary,ND-PC,400,13726057523507487050,physical,935999933749442025008,4.254545153406555e+19,935999933749442025008,0
primary,ND-PC-NOLP,400,13726057523507487050,derived,935999933749442025008,4.254545153406555e+19,935999933749442025008,0
primary,ND-PW,400,592649121540029029,physical,936000000000000000000,5.2e+19,936000000000000000000,0
primary,ND-PW-OFFSET,400,592649121540029029,physical,936000000000000000000,5.2e+19,936000000000000000000,0
primary,ND-PC,400,592649121540029029,physical,935999933749442024096,5.1999996319413445e+19,935999933749442024096,0
primary,ND-PC-NOLP,400,592649121540029029,derived,935999933749442024096,5.1999996319413445e+19,935999933749442024096,0
primary,ND-PW,400,13234303622947097637,physical,936000000000000000000,4.254545454545455e+19,936000000000000000000,0
primary,ND-PW-OFFSET,400,13234303622947097637,physical,936000000000000000000,4.254545454545455e+19,936000000000000000000,0
primary,ND-PC,400,13234303622947097637,physical,935999933749442025312,4.254545153406555e+19,935999933749442025312,0
primary,ND-PC-NOLP,400,13234303622947097637,derived,935999933749442025312,4.254545153406555e+19,935999933749442025312,0
primary,ND-PW,400,17788360996555233988,physical,936000000000000000000,5.85e+19,936000000000000000000,0
primary,ND-PW-OFFSET,400,17788360996555233988,physical,936000000000000000000,5.85e+19,936000000000000000000,0
primary,ND-PC,400,17788360996555233988,physical,935999933749442024400,5.8499995859340124e+19,935999933749442024400,0
primary,ND-PC-NOLP,400,17788360996555233988,derived,935999933749442024400,5.8499995859340124e+19,935999933749442024400,0
primary,ND-PW,500,467376819415377580,physical,1170000000000000000000,6.157894736842106e+19,1170000000000000000000,0
primary,ND-PW-OFFSET,500,467376819415377580,physical,1170000000000000000000,6.157894736842106e+19,1170000000000000000000,0
primary,ND-PC,500,467376819415377580,physical,1169999944427984614500,6.157894444357814e+19,1169999944427984614500,0
primary,ND-PC-NOLP,500,467376819415377580,derived,1169999944427984614500,6.157894444357814e+19,1169999944427984614500,0
primary,ND-PW,500,2704408835578762228,physical,1170000000000000000000,5.318181818181818e+19,1170000000000000000000,0
primary,ND-PW-OFFSET,500,2704408835578762228,physical,1170000000000000000000,5.318181818181818e+19,1170000000000000000000,0
primary,ND-PC,500,2704408835578762228,physical,1169999944427984614296,5.318181565581749e+19,1169999944427984614296,0
primary,ND-PC-NOLP,500,2704408835578762228,derived,1169999944427984614296,5.318181565581749e+19,1169999944427984614296,0
primary,ND-PW,500,11237067994138084197,physical,1170000000000000000000,6.157894736842106e+19,1170000000000000000000,0
primary,ND-PW-OFFSET,500,11237067994138084197,physical,1170000000000000000000,6.157894736842106e+19,1170000000000000000000,0
primary,ND-PC,500,11237067994138084197,physical,1169999944427984614092,6.157894444357814e+19,1169999944427984614092,0
primary,ND-PC-NOLP,500,11237067994138084197,derived,1169999944427984614092,6.157894444357814e+19,1169999944427984614092,0
primary,ND-PW,500,5926412735843326529,physical,1170000000000000000000,1.0636363636363636e+20,1170000000000000000000,0
primary,ND-PW-OFFSET,500,5926412735843326529,physical,1170000000000000000000,1.0636363636363636e+20,1170000000000000000000,0
primary,ND-PC,500,5926412735843326529,physical,1169999944427984613480,1.0636363131163497e+20,1169999944427984613480,0
primary,ND-PC-NOLP,500,5926412735843326529,derived,1169999944427984613480,1.0636363131163497e+20,1169999944427984613480,0
primary,ND-PW,500,5192363207272324882,physical,1170000000000000000000,6.882352941176471e+19,1170000000000000000000,0
primary,ND-PW-OFFSET,500,5192363207272324882,physical,1170000000000000000000,6.882352941176471e+19,1170000000000000000000,0
primary,ND-PC,500,5192363207272324882,physical,1169999944427984613888,6.882352614282262e+19,1169999944427984613888,0
primary,ND-PC-NOLP,500,5192363207272324882,derived,1169999944427984613888,6.882352614282262e+19,1169999944427984613888,0
primary,ND-PW,500,14936110819278713214,physical,1170000000000000000000,6.882352941176471e+19,1170000000000000000000,0
primary,ND-PW-OFFSET,500,14936110819278713214,physical,1170000000000000000000,6.882352941176471e+19,1170000000000000000000,0
primary,ND-PC,500,14936110819278713214,physical,1169999944427984614092,6.882352614282262e+19,1169999944427984614092,0
primary,ND-PC-NOLP,500,14936110819278713214,derived,1169999944427984614092,6.882352614282262e+19,1169999944427984614092,0
primary,ND-PW,500,15027284727339452496,physical,1170000000000000000000,8.357142857142857e+19,1170000000000000000000,0
primary,ND-PW-OFFSET,500,15027284727339452496,physical,1170000000000000000000,8.357142857142857e+19,1170000000000000000000,0
primary,ND-PC,500,15027284727339452496,physical,1169999944427984613480,8.35714246019989e+19,1169999944427984613480,0
primary,ND-PC-NOLP,500,15027284727339452496,derived,1169999944427984613480,8.35714246019989e+19,1169999944427984613480,0
primary,ND-PW,500,529132900484142986,physical,1170000000000000000000,9e+19,1170000000000000000000,0
primary,ND-PW-OFFSET,500,529132900484142986,physical,1170000000000000000000,9e+19,1170000000000000000000,0
primary,ND-PC,500,529132900484142986,physical,1169999944427984613480,8.999999572522959e+19,1169999944427984613480,0
primary,ND-PC-NOLP,500,529132900484142986,derived,1169999944427984613480,8.999999572522959e+19,1169999944427984613480,0
primary,ND-PW,500,8583420154531566926,physical,1170000000000000000000,7.8e+19,1170000000000000000000,0
primary,ND-PW-OFFSET,500,8583420154531566926,physical,1170000000000000000000,7.8e+19,1170000000000000000000,0
primary,ND-PC,500,8583420154531566926,physical,1169999944427984613888,7.799999629519898e+19,1169999944427984613888,0
primary,ND-PC-NOLP,500,8583420154531566926,derived,1169999944427984613888,7.799999629519898e+19,1169999944427984613888,0
primary,ND-PW,500,16465068975321571430,physical,1170000000000000000000,1.0636363636363636e+20,1170000000000000000000,0
primary,ND-PW-OFFSET,500,16465068975321571430,physical,1170000000000000000000,1.0636363636363636e+20,1170000000000000000000,0
primary,ND-PC,500,16465068975321571430,physical,1169999944427984613072,1.0636363131163497e+20,1169999944427984613072,0
primary,ND-PC-NOLP,500,16465068975321571430,derived,1169999944427984613072,1.0636363131163497e+20,1169999944427984613072,0
primary,ND-PW,500,1580318165844385263,physical,1170000000000000000000,9.75e+19,1170000000000000000000,0
primary,ND-PW-OFFSET,500,1580318165844385263,physical,1170000000000000000000,9.75e+19,1170000000000000000000,0
primary,ND-PC,500,1580318165844385263,physical,1169999944427984613480,9.749999536899872e+19,1169999944427984613480,0
primary,ND-PC-NOLP,500,1580318165844385263,derived,1169999944427984613480,9.749999536899872e+19,1169999944427984613480,0
primary,ND-PW,500,860680765458012691,physical,1170000000000000000000,4.03448275862069e+19,1170000000000000000000,0
primary,ND-PW-OFFSET,500,860680765458012691,physical,1170000000000000000000,4.03448275862069e+19,1170000000000000000000,0
primary,ND-PC,500,860680765458012691,physical,1169999944427984614704,4.03448256699305e+19,1169999944427984614704,0
primary,ND-PC-NOLP,500,860680765458012691,derived,1169999944427984614704,4.03448256699305e+19,1169999944427984614704,0
primary,ND-PW,500,405674777376978405,physical,1170000000000000000000,5.5714285714285715e+19,1170000000000000000000,0
primary,ND-PW-OFFSET,500,405674777376978405,physical,1170000000000000000000,5.5714285714285715e+19,1170000000000000000000,0
primary,ND-PC,500,405674777376978405,physical,1169999944427984613888,5.5714283067999265e+19,1169999944427984613888,0
primary,ND-PC-NOLP,500,405674777376978405,derived,1169999944427984613888,5.5714283067999265e+19,1169999944427984613888,0
primary,ND-PW,500,5516199827559636311,physical,1170000000000000000000,7.8e+19,1170000000000000000000,0
primary,ND-PW-OFFSET,500,5516199827559636311,physical,1170000000000000000000,7.8e+19,1170000000000000000000,0
primary,ND-PC,500,5516199827559636311,physical,1169999944427984614092,7.799999629519898e+19,1169999944427984614092,0
primary,ND-PC-NOLP,500,5516199827559636311,derived,1169999944427984614092,7.799999629519898e+19,1169999944427984614092,0
primary,ND-PW,500,676253669661655881,physical,1170000000000000000000,6.5e+19,1170000000000000000000,0
primary,ND-PW-OFFSET,500,676253669661655881,physical,1170000000000000000000,6.5e+19,1170000000000000000000,0
primary,ND-PC,500,676253669661655881,physical,1169999944427984613684,6.499999691266581e+19,1169999944427984613684,0
primary,ND-PC-NOLP,500,676253669661655881,derived,1169999944427984613684,6.499999691266581e+19,1169999944427984613684,0
primary,ND-PW,500,4902971022134724746,physical,1170000000000000000000,9.75e+19,1170000000000000000000,0
primary,ND-PW-OFFSET,500,4902971022134724746,physical,1170000000000000000000,9.75e+19,1170000000000000000000,0
primary,ND-PC,500,4902971022134724746,physical,1169999944427984613684,9.749999536899872e+19,1169999944427984613684,0
primary,ND-PC-NOLP,500,4902971022134724746,derived,1169999944427984613684,9.749999536899872e+19,1169999944427984613684,0
primary,ND-PW,500,7985863793510020389,physical,1170000000000000000000,7.3125e+19,1170000000000000000000,0
primary,ND-PW-OFFSET,500,7985863793510020389,physical,1170000000000000000000,7.3125e+19,1170000000000000000000,0
primary,ND-PC,500,7985863793510020389,physical,1169999944427984613684,7.312499652674904e+19,1169999944427984613684,0
primary,ND-PC-NOLP,500,7985863793510020389,derived,1169999944427984613684,7.312499652674904e+19,1169999944427984613684,0
primary,ND-PW,500,5259580605389323177,physical,1170000000000000000000,7.3125e+19,1170000000000000000000,0
primary,ND-PW-OFFSET,500,5259580605389323177,physical,1170000000000000000000,7.3125e+19,1170000000000000000000,0
primary,ND-PC,500,5259580605389323177,physical,1169999944427984614092,7.312499652674904e+19,1169999944427984614092,0
primary,ND-PC-NOLP,500,5259580605389323177,derived,1169999944427984614092,7.312499652674904e+19,1169999944427984614092,0
primary,ND-PW,500,14894895525097951974,physical,1170000000000000000000,7.8e+19,1170000000000000000000,0
primary,ND-PW-OFFSET,500,14894895525097951974,physical,1170000000000000000000,7.8e+19,1170000000000000000000,0
primary,ND-PC,500,14894895525097951974,physical,1169999944427984614092,7.799999629519898e+19,1169999944427984614092,0
primary,ND-PC-NOLP,500,14894895525097951974,derived,1169999944427984614092,7.799999629519898e+19,1169999944427984614092,0
primary,ND-PW,500,14255052758501613198,physical,1170000000000000000000,4.333333333333334e+19,1170000000000000000000,0
primary,ND-PW-OFFSET,500,14255052758501613198,physical,1170000000000000000000,4.333333333333334e+19,1170000000000000000000,0
primary,ND-PC,500,14255052758501613198,physical,1169999944427984615112,4.333333127511054e+19,1169999944427984615112,0
primary,ND-PC-NOLP,500,14255052758501613198,derived,1169999944427984615112,4.333333127511054e+19,1169999944427984615112,0
primary,ND-PW,500,14970427933435388700,physical,1170000000000000000000,4.68e+19,1170000000000000000000,0
primary,ND-PW-OFFSET,500,14970427933435388700,physical,1170000000000000000000,4.68e+19,1170000000000000000000,0
primary,ND-PC,500,14970427933435388700,physical,1169999944427984614908,4.679999777711939e+19,1169999944427984614908,0
primary,ND-PC-NOLP,500,14970427933435388700,derived,1169999944427984614908,4.679999777711939e+19,1169999944427984614908,0
primary,ND-PW,500,6530983822519173908,physical,1170000000000000000000,4.68e+19,1170000000000000000000,0
primary,ND-PW-OFFSET,500,6530983822519173908,physical,1170000000000000000000,4.68e+19,1170000000000000000000,0
primary,ND-PC,500,6530983822519173908,physical,1169999944427984614908,4.679999777711939e+19,1169999944427984614908,0
primary,ND-PC-NOLP,500,6530983822519173908,derived,1169999944427984614908,4.679999777711939e+19,1169999944427984614908,0
primary,ND-PW,500,16478255227937338382,physical,1170000000000000000000,6.5e+19,1170000000000000000000,0
primary,ND-PW-OFFSET,500,16478255227937338382,physical,1170000000000000000000,6.5e+19,1170000000000000000000,0
primary,ND-PC,500,16478255227937338382,physical,1169999944427984614296,6.499999691266581e+19,1169999944427984614296,0
primary,ND-PC-NOLP,500,16478255227937338382,derived,1169999944427984614296,6.499999691266581e+19,1169999944427984614296,0
primary,ND-PW,500,447822293856133746,physical,1170000000000000000000,7.8e+19,1170000000000000000000,0
primary,ND-PW-OFFSET,500,447822293856133746,physical,1170000000000000000000,7.8e+19,1170000000000000000000,0
primary,ND-PC,500,447822293856133746,physical,1169999944427984614296,7.799999629519898e+19,1169999944427984614296,0
primary,ND-PC-NOLP,500,447822293856133746,derived,1169999944427984614296,7.799999629519898e+19,1169999944427984614296,0
primary,ND-PW,500,9364596802063509215,physical,1170000000000000000000,6.5e+19,1170000000000000000000,0
primary,ND-PW-OFFSET,500,9364596802063509215,physical,1170000000000000000000,6.5e+19,1170000000000000000000,0
primary,ND-PC,500,9364596802063509215,physical,1169999944427984614296,6.499999691266581e+19,1169999944427984614296,0
primary,ND-PC-NOLP,500,9364596802063509215,derived,1169999944427984614296,6.499999691266581e+19,1169999944427984614296,0
primary,ND-PW,500,6483795830361016413,physical,1170000000000000000000,8.357142857142857e+19,1170000000000000000000,0
primary,ND-PW-OFFSET,500,6483795830361016413,physical,1170000000000000000000,8.357142857142857e+19,1170000000000000000000,0
primary,ND-PC,500,6483795830361016413,physical,1169999944427984613888,8.35714246019989e+19,1169999944427984613888,0
primary,ND-PC-NOLP,500,6483795830361016413,derived,1169999944427984613888,8.35714246019989e+19,1169999944427984613888,0
primary,ND-PW,500,13726057523507487050,physical,1170000000000000000000,5.318181818181818e+19,1170000000000000000000,0
primary,ND-PW-OFFSET,500,13726057523507487050,physical,1170000000000000000000,5.318181818181818e+19,1170000000000000000000,0
primary,ND-PC,500,13726057523507487050,physical,1169999944427984614704,5.318181565581749e+19,1169999944427984614704,0
primary,ND-PC-NOLP,500,13726057523507487050,derived,1169999944427984614704,5.318181565581749e+19,1169999944427984614704,0
primary,ND-PW,500,592649121540029029,physical,1170000000000000000000,6.5e+19,1170000000000000000000,0
primary,ND-PW-OFFSET,500,592649121540029029,physical,1170000000000000000000,6.5e+19,1170000000000000000000,0
primary,ND-PC,500,592649121540029029,physical,1169999944427984614296,6.499999691266581e+19,1169999944427984614296,0
primary,ND-PC-NOLP,500,592649121540029029,derived,1169999944427984614296,6.499999691266581e+19,1169999944427984614296,0
primary,ND-PW,500,13234303622947097637,physical,1170000000000000000000,5.318181818181818e+19,1170000000000000000000,0
primary,ND-PW-OFFSET,500,13234303622947097637,physical,1170000000000000000000,5.318181818181818e+19,1170000000000000000000,0
primary,ND-PC,500,13234303622947097637,physical,1169999944427984614908,5.318181565581749e+19,1169999944427984614908,0
primary,ND-PC-NOLP,500,13234303622947097637,derived,1169999944427984614908,5.318181565581749e+19,1169999944427984614908,0
primary,ND-PW,500,17788360996555233988,physical,1170000000000000000000,7.3125e+19,1170000000000000000000,0
primary,ND-PW-OFFSET,500,17788360996555233988,physical,1170000000000000000000,7.3125e+19,1170000000000000000000,0
primary,ND-PC,500,17788360996555233988,physical,1169999944427984613888,7.312499652674904e+19,1169999944427984613888,0
primary,ND-PC-NOLP,500,17788360996555233988,derived,1169999944427984613888,7.312499652674904e+19,1169999944427984613888,0
