mode,N,seed,M,p_success,total_attempts,total_energy,completion_time,solution_found,winner_id,duplicate_header_evaluations
duplicate_full_domain,100,0,4294967296,4.656612873077393e-10,36314611100,36314611100.0,363146111.0,True,0,35951464989
disjoint_partition,100,0,4294967296,4.656612873077393e-10,1954872700,1954872700.0,19548727.0,True,8,0
independent_candidate_headers,100,0,4294967296,4.656612873077393e-10,805130300,805130300.0,8051303.0,True,94,0
duplicate_full_domain,100,1,4294967296,4.656612873077393e-10,429496729600,429496729600.0,4294967296.0,False,,425201762304
disjoint_partition,100,1,4294967296,4.656612873077393e-10,4294967296,4294967296.0,42949673.0,False,,0
independent_candidate_headers,100,1,4294967296,4.656612873077393e-10,1607290000,1607290000.0,16072900.0,True,40,0
duplicate_full_domain,100,2,4294967296,4.656612873077393e-10,9655412400,9655412400.0,96554124.0,True,0,9558858276
disjoint_partition,100,2,4294967296,4.656612873077393e-10,1065477800,1065477800.0,10654778.0,True,2,0
independent_candidate_headers,100,2,4294967296,4.656612873077393e-10,282887900,282887900.0,2828879.0,True,33,0
duplicate_full_domain,100,3,4294967296,4.656612873077393e-10,308299891200,308299891200.0,3082998912.0,True,0,305216892288
disjoint_partition,100,3,4294967296,4.656612873077393e-10,3357212900,3357212900.0,33572129.0,True,71,0
independent_candidate_headers,100,3,4294967296,4.656612873077393e-10,320440500,320440500.0,3204405.0,True,83,0
duplicate_full_domain,100,4,4294967296,4.656612873077393e-10,310036450100,310036450100.0,3100364501.0,True,0,306936085599
disjoint_partition,100,4,4294967296,4.656612873077393e-10,798804500,798804500.0,7988045.0,True,72,0
independent_candidate_headers,100,4,4294967296,4.656612873077393e-10,585153900,585153900.0,5851539.0,True,54,0
duplicate_full_domain,100,5,4294967296,4.656612873077393e-10,101654696000,101654696000.0,1016546960.0,True,0,100638149040
disjoint_partition,100,5,4294967296,4.656612873077393e-10,2870448100,2870448100.0,28704481.0,True,23,0
independent_candidate_headers,100,5,4294967296,4.656612873077393e-10,704064200,704064200.0,7040642.0,True,97,0
duplicate_full_domain,100,6,4294967296,4.656612873077393e-10,49714953500,49714953500.0,497149535.0,True,0,49217803965
disjoint_partition,100,6,4294967296,4.656612873077393e-10,2470313200,2470313200.0,24703132.0,True,11,0
independent_candidate_headers,100,6,4294967296,4.656612873077393e-10,26072900,26072900.0,260729.0,True,71,0
duplicate_full_domain,100,7,4294967296,4.656612873077393e-10,242134805900,242134805900.0,2421348059.0,True,0,239713457841
disjoint_partition,100,7,4294967296,4.656612873077393e-10,1616637100,1616637100.0,16166371.0,True,56,0
independent_candidate_headers,100,7,4294967296,4.656612873077393e-10,1487777500,1487777500.0,14877775.0,True,73,0
duplicate_full_domain,100,8,4294967296,4.656612873077393e-10,318708450900,318708450900.0,3187084509.0,True,0,315521366391
disjoint_partition,100,8,4294967296,4.656612873077393e-10,880870700,880870700.0,8808707.0,True,74,0
independent_candidate_headers,100,8,4294967296,4.656612873077393e-10,187226400,187226400.0,1872264.0,True,6,0
duplicate_full_domain,100,9,4294967296,4.656612873077393e-10,165358889500,165358889500.0,1653588895.0,True,0,163705300605
disjoint_partition,100,9,4294967296,4.656612873077393e-10,2150132100,2150132100.0,21501321.0,True,38,0
independent_candidate_headers,100,9,4294967296,4.656612873077393e-10,437615200,437615200.0,4376152.0,True,70,0
duplicate_full_domain,100,10,4294967296,4.656612873077393e-10,120186337900,120186337900.0,1201863379.0,True,0,118984474521
disjoint_partition,100,10,4294967296,4.656612873077393e-10,4222220800,4222220800.0,42222208.0,True,27,0
independent_candidate_headers,100,10,4294967296,4.656612873077393e-10,740656000,740656000.0,7406560.0,True,12,0
duplicate_full_domain,100,11,4294967296,4.656612873077393e-10,170345646700,170345646700.0,1703456467.0,True,0,168642190233
disjoint_partition,100,11,4294967296,4.656612873077393e-10,2841922000,2841922000.0,28419220.0,True,39,0
independent_candidate_headers,100,11,4294967296,4.656612873077393e-10,503917900,503917900.0,5039179.0,True,36,0
duplicate_full_domain,100,12,4294967296,4.656612873077393e-10,160061559400,160061559400.0,1600615594.0,True,0,158460943806
disjoint_partition,100,12,4294967296,4.656612873077393e-10,1147769300,1147769300.0,11477693.0,True,37,0
independent_candidate_headers,100,12,4294967296,4.656612873077393e-10,323410600,323410600.0,3234106.0,True,99,0
duplicate_full_domain,100,13,4294967296,4.656612873077393e-10,290102370100,290102370100.0,2901023701.0,True,0,287201346399
disjoint_partition,100,13,4294967296,4.656612873077393e-10,2339561000,2339561000.0,23395610.0,True,67,0
independent_candidate_headers,100,13,4294967296,4.656612873077393e-10,3097169200,3097169200.0,30971692.0,True,38,0
duplicate_full_domain,100,14,4294967296,4.656612873077393e-10,429496729600,429496729600.0,4294967296.0,False,,425201762304
disjoint_partition,100,14,4294967296,4.656612873077393e-10,4294967296,4294967296.0,42949673.0,False,,0
independent_candidate_headers,100,14,4294967296,4.656612873077393e-10,2064467700,2064467700.0,20644677.0,True,30,0
duplicate_full_domain,100,15,4294967296,4.656612873077393e-10,7596999500,7596999500.0,75969995.0,True,0,7521029505
disjoint_partition,100,15,4294967296,4.656612873077393e-10,3302032200,3302032200.0,33020322.0,True,1,0
independent_candidate_headers,100,15,4294967296,4.656612873077393e-10,39467100,39467100.0,394671.0,True,9,0
duplicate_full_domain,100,16,4294967296,4.656612873077393e-10,218491480000,218491480000.0,2184914800.0,True,0,216306565200
disjoint_partition,100,16,4294967296,4.656612873077393e-10,3743115000,3743115000.0,37431150.0,True,50,0
independent_candidate_headers,100,16,4294967296,4.656612873077393e-10,5682820400,5682820400.0,56828204.0,True,34,0
duplicate_full_domain,100,17,4294967296,4.656612873077393e-10,139611888200,139611888200.0,1396118882.0,True,0,138215769318
disjoint_partition,100,17,4294967296,4.656612873077393e-10,2172934600,2172934600.0,21729346.0,True,32,0
independent_candidate_headers,100,17,4294967296,4.656612873077393e-10,333762400,333762400.0,3337624.0,True,17,0
duplicate_full_domain,100,18,4294967296,4.656612873077393e-10,366746394900,366746394900.0,3667463949.0,True,0,363078930951
disjoint_partition,100,18,4294967296,4.656612873077393e-10,1674174400,1674174400.0,16741744.0,True,85,0
independent_candidate_headers,100,18,4294967296,4.656612873077393e-10,1214833400,1214833400.0,12148334.0,True,85,0
duplicate_full_domain,100,19,4294967296,4.656612873077393e-10,83729993200,83729993200.0,837299932.0,True,0,82892693268
disjoint_partition,100,19,4294967296,4.656612873077393e-10,2125614500,2125614500.0,21256145.0,True,19,0
independent_candidate_headers,100,19,4294967296,4.656612873077393e-10,684647800,684647800.0,6846478.0,True,5,0
duplicate_full_domain,100,20,4294967296,4.656612873077393e-10,21284518000,21284518000.0,212845180.0,True,0,21071672820
disjoint_partition,100,20,4294967296,4.656612873077393e-10,4104648800,4104648800.0,41046488.0,True,4,0
independent_candidate_headers,100,20,4294967296,4.656612873077393e-10,860212200,860212200.0,8602122.0,True,54,0
duplicate_full_domain,100,21,4294967296,4.656612873077393e-10,387001471600,387001471600.0,3870014716.0,True,0,383131456884
disjoint_partition,100,21,4294967296,4.656612873077393e-10,454414600,454414600.0,4544146.0,True,90,0
independent_candidate_headers,100,21,4294967296,4.656612873077393e-10,524366100,524366100.0,5243661.0,True,18,0
duplicate_full_domain,100,22,4294967296,4.656612873077393e-10,9167385600,9167385600.0,91673856.0,True,0,9075711744
disjoint_partition,100,22,4294967296,4.656612873077393e-10,577451000,577451000.0,5774510.0,True,2,0
independent_candidate_headers,100,22,4294967296,4.656612873077393e-10,294266500,294266500.0,2942665.0,True,3,0
duplicate_full_domain,100,23,4294967296,4.656612873077393e-10,16773399100,16773399100.0,167733991.0,True,0,16605665109
disjoint_partition,100,23,4294967296,4.656612873077393e-10,3888497200,3888497200.0,38884972.0,True,3,0
independent_candidate_headers,100,23,4294967296,4.656612873077393e-10,2545283000,2545283000.0,25452830.0,True,75,0
duplicate_full_domain,100,24,4294967296,4.656612873077393e-10,72841734600,72841734600.0,728417346.0,True,0,72113317254
disjoint_partition,100,24,4294967296,4.656612873077393e-10,4122257800,4122257800.0,41222578.0,True,16,0
independent_candidate_headers,100,24,4294967296,4.656612873077393e-10,369120000,369120000.0,3691200.0,True,3,0
duplicate_full_domain,100,25,4294967296,4.656612873077393e-10,209510671600,209510671600.0,2095106716.0,True,0,207415564884
disjoint_partition,100,25,4294967296,4.656612873077393e-10,3352241200,3352241200.0,33522412.0,True,48,0
independent_candidate_headers,100,25,4294967296,4.656612873077393e-10,2994446300,2994446300.0,29944463.0,True,79,0
duplicate_full_domain,100,26,4294967296,4.656612873077393e-10,62556253500,62556253500.0,625562535.0,True,0,61930690965
disjoint_partition,100,26,4294967296,4.656612873077393e-10,2426711300,2426711300.0,24267113.0,True,14,0
independent_candidate_headers,100,26,4294967296,4.656612873077393e-10,2063529200,2063529200.0,20635292.0,True,54,0
duplicate_full_domain,100,27,4294967296,4.656612873077393e-10,93006993300,93006993300.0,930069933.0,True,0,92076923367
disjoint_partition,100,27,4294967296,4.656612873077393e-10,2812680000,2812680000.0,28126800.0,True,21,0
independent_candidate_headers,100,27,4294967296,4.656612873077393e-10,581423100,581423100.0,5814231.0,True,40,0
duplicate_full_domain,100,28,4294967296,4.656612873077393e-10,429496729600,429496729600.0,4294967296.0,False,,425201762304
disjoint_partition,100,28,4294967296,4.656612873077393e-10,4294967296,4294967296.0,42949673.0,False,,0
independent_candidate_headers,100,28,4294967296,4.656612873077393e-10,2373055800,2373055800.0,23730558.0,True,17,0
duplicate_full_domain,100,29,4294967296,4.656612873077393e-10,129120195400,129120195400.0,1291201954.0,True,0,127828993446
disjoint_partition,100,29,4294967296,4.656612873077393e-10,271176400,271176400.0,2711764.0,True,30,0
independent_candidate_headers,100,29,4294967296,4.656612873077393e-10,270729800,270729800.0,2707298.0,True,12,0
duplicate_full_domain,200,0,4294967296,4.656612873077393e-10,72629222200,72629222200.0,363146111.0,True,0,72266076089
disjoint_partition,200,0,4294967296,4.656612873077393e-10,3909743800,3909743800.0,19548719.0,True,16,0
independent_candidate_headers,200,0,4294967296,4.656612873077393e-10,1610260600,1610260600.0,8051303.0,True,94,0
duplicate_full_domain,200,1,4294967296,4.656612873077393e-10,858993459200,858993459200.0,4294967296.0,False,,854698491904
disjoint_partition,200,1,4294967296,4.656612873077393e-10,4294967296,4294967296.0,21474837.0,False,,0
independent_candidate_headers,200,1,4294967296,4.656612873077393e-10,3214580000,3214580000.0,16072900.0,True,40,0
duplicate_full_domain,200,2,4294967296,4.656612873077393e-10,19310824800,19310824800.0,96554124.0,True,0,19214270676
disjoint_partition,200,2,4294967296,4.656612873077393e-10,2130955200,2130955200.0,10654776.0,True,4,0
independent_candidate_headers,200,2,4294967296,4.656612873077393e-10,565775800,565775800.0,2828879.0,True,33,0
duplicate_full_domain,200,3,4294967296,4.656612873077393e-10,616599782400,616599782400.0,3082998912.0,True,0,613516783488
disjoint_partition,200,3,4294967296,4.656612873077393e-10,2419453600,2419453600.0,12097268.0,True,143,0
independent_candidate_headers,200,3,4294967296,4.656612873077393e-10,640881000,640881000.0,3204405.0,True,83,0
duplicate_full_domain,200,4,4294967296,4.656612873077393e-10,620072900200,620072900200.0,3100364501.0,True,0,616972535699
disjoint_partition,200,4,4294967296,4.656612873077393e-10,1597604200,1597604200.0,7988021.0,True,144,0
independent_candidate_headers,200,4,4294967296,4.656612873077393e-10,1016305400,1016305400.0,5081527.0,True,113,0
duplicate_full_domain,200,5,4294967296,4.656612873077393e-10,203309392000,203309392000.0,1016546960.0,True,0,202292845040
disjoint_partition,200,5,4294967296,4.656612873077393e-10,1445924200,1445924200.0,7229621.0,True,47,0
independent_candidate_headers,200,5,4294967296,4.656612873077393e-10,300775400,300775400.0,1503877.0,True,124,0
duplicate_full_domain,200,6,4294967296,4.656612873077393e-10,99429907000,99429907000.0,497149535.0,True,0,98932757465
disjoint_partition,200,6,4294967296,4.656612873077393e-10,645656800,645656800.0,3228284.0,True,23,0
independent_candidate_headers,200,6,4294967296,4.656612873077393e-10,52145800,52145800.0,260729.0,True,71,0
duplicate_full_domain,200,7,4294967296,4.656612873077393e-10,484269611800,484269611800.0,2421348059.0,True,0,481848263741
disjoint_partition,200,7,4294967296,4.656612873077393e-10,3233266200,3233266200.0,16166331.0,True,112,0
independent_candidate_headers,200,7,4294967296,4.656612873077393e-10,2972621800,2972621800.0,14863109.0,True,143,0
duplicate_full_domain,200,8,4294967296,4.656612873077393e-10,637416901800,637416901800.0,3187084509.0,True,0,634229817291
disjoint_partition,200,8,4294967296,4.656612873077393e-10,1761737000,1761737000.0,8808685.0,True,148,0
independent_candidate_headers,200,8,4294967296,4.656612873077393e-10,374452800,374452800.0,1872264.0,True,6,0
duplicate_full_domain,200,9,4294967296,4.656612873077393e-10,330717779000,330717779000.0,1653588895.0,True,0,329064190105
disjoint_partition,200,9,4294967296,4.656612873077393e-10,5289200,5289200.0,26446.0,True,77,0
independent_candidate_headers,200,9,4294967296,4.656612873077393e-10,875230400,875230400.0,4376152.0,True,70,0
duplicate_full_domain,200,10,4294967296,4.656612873077393e-10,240372675800,240372675800.0,1201863379.0,True,0,239170812421
disjoint_partition,200,10,4294967296,4.656612873077393e-10,4149468800,4149468800.0,20747344.0,True,55,0
independent_candidate_headers,200,10,4294967296,4.656612873077393e-10,129711400,129711400.0,648557.0,True,150,0
duplicate_full_domain,200,11,4294967296,4.656612873077393e-10,340691293400,340691293400.0,1703456467.0,True,0,338987836933
disjoint_partition,200,11,4294967296,4.656612873077393e-10,1388868800,1388868800.0,6944344.0,True,79,0
independent_candidate_headers,200,11,4294967296,4.656612873077393e-10,275986200,275986200.0,1379931.0,True,163,0
duplicate_full_domain,200,12,4294967296,4.656612873077393e-10,320123118800,320123118800.0,1600615594.0,True,0,318522503206
disjoint_partition,200,12,4294967296,4.656612873077393e-10,2295531200,2295531200.0,11477656.0,True,74,0
independent_candidate_headers,200,12,4294967296,4.656612873077393e-10,646821200,646821200.0,3234106.0,True,99,0
duplicate_full_domain,200,13,4294967296,4.656612873077393e-10,580204740200,580204740200.0,2901023701.0,True,0,577303716499
disjoint_partition,200,13,4294967296,4.656612873077393e-10,384149000,384149000.0,1920745.0,True,135,0
independent_candidate_headers,200,13,4294967296,4.656612873077393e-10,896963800,896963800.0,4484819.0,True,103,0
duplicate_full_domain,200,14,4294967296,4.656612873077393e-10,858993459200,858993459200.0,4294967296.0,False,,854698491904
disjoint_partition,200,14,4294967296,4.656612873077393e-10,4294967296,4294967296.0,21474837.0,False,,0
independent_candidate_headers,200,14,4294967296,4.656612873077393e-10,1507568400,1507568400.0,7537842.0,True,184,0
duplicate_full_domain,200,15,4294967296,4.656612873077393e-10,15193999000,15193999000.0,75969995.0,True,0,15118029005
disjoint_partition,200,15,4294967296,4.656612873077393e-10,2309096800,2309096800.0,11545484.0,True,3,0
independent_candidate_headers,200,15,4294967296,4.656612873077393e-10,78934200,78934200.0,394671.0,True,9,0
duplicate_full_domain,200,16,4294967296,4.656612873077393e-10,436982960000,436982960000.0,2184914800.0,True,0,434798045200
disjoint_partition,200,16,4294967296,4.656612873077393e-10,3191253600,3191253600.0,15956268.0,True,101,0
independent_candidate_headers,200,16,4294967296,4.656612873077393e-10,1104697400,1104697400.0,5523487.0,True,180,0
duplicate_full_domain,200,17,4294967296,4.656612873077393e-10,279223776400,279223776400.0,1396118882.0,True,0,277827657518
disjoint_partition,200,17,4294967296,4.656612873077393e-10,50895400,50895400.0,254477.0,True,65,0
independent_candidate_headers,200,17,4294967296,4.656612873077393e-10,667524800,667524800.0,3337624.0,True,17,0
duplicate_full_domain,200,18,4294967296,4.656612873077393e-10,733492789800,733492789800.0,3667463949.0,True,0,729825325851
disjoint_partition,200,18,4294967296,4.656612873077393e-10,3348346600,3348346600.0,16741733.0,True,170,0
independent_candidate_headers,200,18,4294967296,4.656612873077393e-10,1572635000,1572635000.0,7863175.0,True,178,0
duplicate_full_domain,200,19,4294967296,4.656612873077393e-10,167459986400,167459986400.0,837299932.0,True,0,166622686468
disjoint_partition,200,19,4294967296,4.656612873077393e-10,4251225200,4251225200.0,21256126.0,True,38,0
independent_candidate_headers,200,19,4294967296,4.656612873077393e-10,1369295600,1369295600.0,6846478.0,True,5,0
duplicate_full_domain,200,20,4294967296,4.656612873077393e-10,42569036000,42569036000.0,212845180.0,True,0,42356190820
disjoint_partition,200,20,4294967296,4.656612873077393e-10,3914329400,3914329400.0,19571647.0,True,9,0
independent_candidate_headers,200,20,4294967296,4.656612873077393e-10,1720424400,1720424400.0,8602122.0,True,54,0
duplicate_full_domain,200,21,4294967296,4.656612873077393e-10,774002943200,774002943200.0,3870014716.0,True,0,770132928484
disjoint_partition,200,21,4294967296,4.656612873077393e-10,908828000,908828000.0,4544140.0,True,180,0
independent_candidate_headers,200,21,4294967296,4.656612873077393e-10,1048732200,1048732200.0,5243661.0,True,18,0
duplicate_full_domain,200,22,4294967296,4.656612873077393e-10,18334771200,18334771200.0,91673856.0,True,0,18243097344
disjoint_partition,200,22,4294967296,4.656612873077393e-10,1154901600,1154901600.0,5774508.0,True,4,0
independent_candidate_headers,200,22,4294967296,4.656612873077393e-10,588533000,588533000.0,2942665.0,True,3,0
duplicate_full_domain,200,23,4294967296,4.656612873077393e-10,33546798200,33546798200.0,167733991.0,True,0,33379064209
disjoint_partition,200,23,4294967296,4.656612873077393e-10,3482026400,3482026400.0,17410132.0,True,7,0
independent_candidate_headers,200,23,4294967296,4.656612873077393e-10,5090566000,5090566000.0,25452830.0,True,75,0
duplicate_full_domain,200,24,4294967296,4.656612873077393e-10,145683469200,145683469200.0,728417346.0,True,0,144955051854
disjoint_partition,200,24,4294967296,4.656612873077393e-10,3949545000,3949545000.0,19747725.0,True,33,0
independent_candidate_headers,200,24,4294967296,4.656612873077393e-10,738240000,738240000.0,3691200.0,True,3,0
duplicate_full_domain,200,25,4294967296,4.656612873077393e-10,419021343200,419021343200.0,2095106716.0,True,0,416926236484
disjoint_partition,200,25,4294967296,4.656612873077393e-10,2409505600,2409505600.0,12047528.0,True,97,0
independent_candidate_headers,200,25,4294967296,4.656612873077393e-10,5988892600,5988892600.0,29944463.0,True,79,0
duplicate_full_domain,200,26,4294967296,4.656612873077393e-10,125112507000,125112507000.0,625562535.0,True,0,124486944465
disjoint_partition,200,26,4294967296,4.656612873077393e-10,558452400,558452400.0,2792262.0,True,29,0
independent_candidate_headers,200,26,4294967296,4.656612873077393e-10,448610000,448610000.0,2243050.0,True,189,0
duplicate_full_domain,200,27,4294967296,4.656612873077393e-10,186013986600,186013986600.0,930069933.0,True,0,185083916667
disjoint_partition,200,27,4294967296,4.656612873077393e-10,1330388400,1330388400.0,6651942.0,True,43,0
independent_candidate_headers,200,27,4294967296,4.656612873077393e-10,1162846200,1162846200.0,5814231.0,True,40,0
duplicate_full_domain,200,28,4294967296,4.656612873077393e-10,858993459200,858993459200.0,4294967296.0,False,,854698491904
disjoint_partition,200,28,4294967296,4.656612873077393e-10,4294967296,4294967296.0,21474837.0,False,,0
independent_candidate_headers,200,28,4294967296,4.656612873077393e-10,626028800,626028800.0,3130144.0,True,149,0
duplicate_full_domain,200,29,4294967296,4.656612873077393e-10,258240390800,258240390800.0,1291201954.0,True,0,256949188846
disjoint_partition,200,29,4294967296,4.656612873077393e-10,542346800,542346800.0,2711734.0,True,60,0
independent_candidate_headers,200,29,4294967296,4.656612873077393e-10,541459600,541459600.0,2707298.0,True,12,0
duplicate_full_domain,300,0,4294967296,4.656612873077393e-10,108943833300,108943833300.0,363146111.0,True,0,108580687189
disjoint_partition,300,0,4294967296,4.656612873077393e-10,1569648300,1569648300.0,5232161.0,True,25,0
independent_candidate_headers,300,0,4294967296,4.656612873077393e-10,373539000,373539000.0,1245130.0,True,215,0
duplicate_full_domain,300,1,4294967296,4.656612873077393e-10,1288490188800,1288490188800.0,4294967296.0,False,,1284195221504
disjoint_partition,300,1,4294967296,4.656612873077393e-10,4294967296,4294967296.0,14316558.0,False,,0
independent_candidate_headers,300,1,4294967296,4.656612873077393e-10,4821870000,4821870000.0,16072900.0,True,40,0
duplicate_full_domain,300,2,4294967296,4.656612873077393e-10,28966237200,28966237200.0,96554124.0,True,0,28869683076
disjoint_partition,300,2,4294967296,4.656612873077393e-10,3196432800,3196432800.0,10654776.0,True,6,0
independent_candidate_headers,300,2,4294967296,4.656612873077393e-10,848663700,848663700.0,2828879.0,True,33,0
duplicate_full_domain,300,3,4294967296,4.656612873077393e-10,924899673600,924899673600.0,3082998912.0,True,0,921816674688
disjoint_partition,300,3,4294967296,4.656612873077393e-10,1481688300,1481688300.0,4938961.0,True,215,0
independent_candidate_headers,300,3,4294967296,4.656612873077393e-10,961321500,961321500.0,3204405.0,True,83,0
duplicate_full_domain,300,4,4294967296,4.656612873077393e-10,930109350300,930109350300.0,3100364501.0,True,0,927008985799
disjoint_partition,300,4,4294967296,4.656612873077393e-10,2396397900,2396397900.0,7987993.0,True,216,0
independent_candidate_headers,300,4,4294967296,4.656612873077393e-10,1524458100,1524458100.0,5081527.0,True,113,0
duplicate_full_domain,300,5,4294967296,4.656612873077393e-10,304964088000,304964088000.0,1016546960.0,True,0,303947541040
disjoint_partition,300,5,4294967296,4.656612873077393e-10,21402600,21402600.0,71342.0,True,71,0
independent_candidate_headers,300,5,4294967296,4.656612873077393e-10,451163100,451163100.0,1503877.0,True,124,0
duplicate_full_domain,300,6,4294967296,4.656612873077393e-10,149144860500,149144860500.0,497149535.0,True,0,148647710965
disjoint_partition,300,6,4294967296,4.656612873077393e-10,3115968900,3115968900.0,10386563.0,True,34,0
independent_candidate_headers,300,6,4294967296,4.656612873077393e-10,78218700,78218700.0,260729.0,True,71,0
duplicate_full_domain,300,7,4294967296,4.656612873077393e-10,726404417700,726404417700.0,2421348059.0,True,0,723983069641
disjoint_partition,300,7,4294967296,4.656612873077393e-10,554927100,554927100.0,1849757.0,True,169,0
independent_candidate_headers,300,7,4294967296,4.656612873077393e-10,4458932700,4458932700.0,14863109.0,True,143,0
duplicate_full_domain,300,8,4294967296,4.656612873077393e-10,956125352700,956125352700.0,3187084509.0,True,0,952938268191
disjoint_partition,300,8,4294967296,4.656612873077393e-10,2642597700,2642597700.0,8808659.0,True,222,0
independent_candidate_headers,300,8,4294967296,4.656612873077393e-10,561679200,561679200.0,1872264.0,True,6,0
duplicate_full_domain,300,9,4294967296,4.656612873077393e-10,496076668500,496076668500.0,1653588895.0,True,0,494423079605
disjoint_partition,300,9,4294967296,4.656612873077393e-10,2155417500,2155417500.0,7184725.0,True,115,0
independent_candidate_headers,300,9,4294967296,4.656612873077393e-10,1312845600,1312845600.0,4376152.0,True,70,0
duplicate_full_domain,300,10,4294967296,4.656612873077393e-10,360559013700,360559013700.0,1201863379.0,True,0,359357150321
disjoint_partition,300,10,4294967296,4.656612873077393e-10,4076719500,4076719500.0,13589065.0,True,83,0
independent_candidate_headers,300,10,4294967296,4.656612873077393e-10,104398200,104398200.0,347994.0,True,238,0
duplicate_full_domain,300,11,4294967296,4.656612873077393e-10,511036940100,511036940100.0,1703456467.0,True,0,509333483633
disjoint_partition,300,11,4294967296,4.656612873077393e-10,4230786900,4230786900.0,14102623.0,True,118,0
independent_candidate_headers,300,11,4294967296,4.656612873077393e-10,413979300,413979300.0,1379931.0,True,163,0
duplicate_full_domain,300,12,4294967296,4.656612873077393e-10,480184678200,480184678200.0,1600615594.0,True,0,478584062606
disjoint_partition,300,12,4294967296,4.656612873077393e-10,3443296800,3443296800.0,11477656.0,True,111,0
independent_candidate_headers,300,12,4294967296,4.656612873077393e-10,970231800,970231800.0,3234106.0,True,99,0
duplicate_full_domain,300,13,4294967296,4.656612873077393e-10,870307110300,870307110300.0,2901023701.0,True,0,867406086599
disjoint_partition,300,13,4294967296,4.656612873077393e-10,2723697300,2723697300.0,9078991.0,True,202,0
independent_candidate_headers,300,13,4294967296,4.656612873077393e-10,239976000,239976000.0,799920.0,True,202,0
duplicate_full_domain,300,14,4294967296,4.656612873077393e-10,1288490188800,1288490188800.0,4294967296.0,False,,1284195221504
disjoint_partition,300,14,4294967296,4.656612873077393e-10,4294967296,4294967296.0,14316558.0,False,,0
independent_candidate_headers,300,14,4294967296,4.656612873077393e-10,632672400,632672400.0,2108908.0,True,280,0
duplicate_full_domain,300,15,4294967296,4.656612873077393e-10,22790998500,22790998500.0,75969995.0,True,0,22715028505
disjoint_partition,300,15,4294967296,4.656612873077393e-10,1316161500,1316161500.0,4387205.0,True,5,0
independent_candidate_headers,300,15,4294967296,4.656612873077393e-10,118401300,118401300.0,394671.0,True,9,0
duplicate_full_domain,300,16,4294967296,4.656612873077393e-10,655474440000,655474440000.0,2184914800.0,True,0,653289525200
disjoint_partition,300,16,4294967296,4.656612873077393e-10,2639395200,2639395200.0,8797984.0,True,152,0
independent_candidate_headers,300,16,4294967296,4.656612873077393e-10,1657046100,1657046100.0,5523487.0,True,180,0
duplicate_full_domain,300,17,4294967296,4.656612873077393e-10,418835664600,418835664600.0,1396118882.0,True,0,417439545718
disjoint_partition,300,17,4294967296,4.656612873077393e-10,2223826800,2223826800.0,7412756.0,True,97,0
independent_candidate_headers,300,17,4294967296,4.656612873077393e-10,1001287200,1001287200.0,3337624.0,True,17,0
duplicate_full_domain,300,18,4294967296,4.656612873077393e-10,1100239184700,1100239184700.0,3667463949.0,True,0,1096571720751
disjoint_partition,300,18,4294967296,4.656612873077393e-10,727548300,727548300.0,2425161.0,True,256,0
independent_candidate_headers,300,18,4294967296,4.656612873077393e-10,2358952500,2358952500.0,7863175.0,True,178,0
duplicate_full_domain,300,19,4294967296,4.656612873077393e-10,251189979600,251189979600.0,837299932.0,True,0,250352679668
disjoint_partition,300,19,4294967296,4.656612873077393e-10,2081870400,2081870400.0,6939568.0,True,58,0
independent_candidate_headers,300,19,4294967296,4.656612873077393e-10,2053943400,2053943400.0,6846478.0,True,5,0
duplicate_full_domain,300,20,4294967296,4.656612873077393e-10,63853554000,63853554000.0,212845180.0,True,0,63640708820
disjoint_partition,300,20,4294967296,4.656612873077393e-10,3724010400,3724010400.0,12413368.0,True,14,0
independent_candidate_headers,300,20,4294967296,4.656612873077393e-10,2156603700,2156603700.0,7188679.0,True,222,0
duplicate_full_domain,300,21,4294967296,4.656612873077393e-10,1161004414800,1161004414800.0,3870014716.0,True,0,1157134400084
disjoint_partition,300,21,4294967296,4.656612873077393e-10,1363239000,1363239000.0,4544130.0,True,270,0
independent_candidate_headers,300,21,4294967296,4.656612873077393e-10,1573098300,1573098300.0,5243661.0,True,18,0
duplicate_full_domain,300,22,4294967296,4.656612873077393e-10,27502156800,27502156800.0,91673856.0,True,0,27410482944
disjoint_partition,300,22,4294967296,4.656612873077393e-10,1732352400,1732352400.0,5774508.0,True,6,0
independent_candidate_headers,300,22,4294967296,4.656612873077393e-10,882799500,882799500.0,2942665.0,True,3,0
duplicate_full_domain,300,23,4294967296,4.656612873077393e-10,50320197300,50320197300.0,167733991.0,True,0,50152463309
disjoint_partition,300,23,4294967296,4.656612873077393e-10,3075555900,3075555900.0,10251853.0,True,11,0
independent_candidate_headers,300,23,4294967296,4.656612873077393e-10,7635849000,7635849000.0,25452830.0,True,75,0
duplicate_full_domain,300,24,4294967296,4.656612873077393e-10,218525203800,218525203800.0,728417346.0,True,0,217796786454
disjoint_partition,300,24,4294967296,4.656612873077393e-10,3776833800,3776833800.0,12589446.0,True,50,0
independent_candidate_headers,300,24,4294967296,4.656612873077393e-10,1107360000,1107360000.0,3691200.0,True,3,0
duplicate_full_domain,300,25,4294967296,4.656612873077393e-10,628532014800,628532014800.0,2095106716.0,True,0,626436908084
disjoint_partition,300,25,4294967296,4.656612873077393e-10,1466774400,1466774400.0,4889248.0,True,146,0
independent_candidate_headers,300,25,4294967296,4.656612873077393e-10,565975800,565975800.0,1886586.0,True,268,0
duplicate_full_domain,300,26,4294967296,4.656612873077393e-10,187668760500,187668760500.0,625562535.0,True,0,187043197965
disjoint_partition,300,26,4294967296,4.656612873077393e-10,2985162300,2985162300.0,9950541.0,True,43,0
independent_candidate_headers,300,26,4294967296,4.656612873077393e-10,672915000,672915000.0,2243050.0,True,189,0
duplicate_full_domain,300,27,4294967296,4.656612873077393e-10,279020979900,279020979900.0,930069933.0,True,0,278090909967
disjoint_partition,300,27,4294967296,4.656612873077393e-10,4143066300,4143066300.0,13810221.0,True,64,0
independent_candidate_headers,300,27,4294967296,4.656612873077393e-10,1744269300,1744269300.0,5814231.0,True,40,0
duplicate_full_domain,300,28,4294967296,4.656612873077393e-10,1288490188800,1288490188800.0,4294967296.0,False,,1284195221504
disjoint_partition,300,28,4294967296,4.656612873077393e-10,4294967296,4294967296.0,14316558.0,False,,0
independent_candidate_headers,300,28,4294967296,4.656612873077393e-10,939043200,939043200.0,3130144.0,True,149,0
duplicate_full_domain,300,29,4294967296,4.656612873077393e-10,387360586200,387360586200.0,1291201954.0,True,0,386069384246
disjoint_partition,300,29,4294967296,4.656612873077393e-10,813520200,813520200.0,2711734.0,True,90,0
independent_candidate_headers,300,29,4294967296,4.656612873077393e-10,812189400,812189400.0,2707298.0,True,12,0
duplicate_full_domain,400,0,4294967296,4.656612873077393e-10,145258444400,145258444400.0,363146111.0,True,0,144895298289
disjoint_partition,400,0,4294967296,4.656612873077393e-10,3524513600,3524513600.0,8811284.0,True,33,0
independent_candidate_headers,400,0,4294967296,4.656612873077393e-10,498052000,498052000.0,1245130.0,True,215,0
duplicate_full_domain,400,1,4294967296,4.656612873077393e-10,1717986918400,1717986918400.0,4294967296.0,False,,1713691951104
disjoint_partition,400,1,4294967296,4.656612873077393e-10,4294967296,4294967296.0,10737419.0,False,,0
independent_candidate_headers,400,1,4294967296,4.656612873077393e-10,6429160000,6429160000.0,16072900.0,True,40,0
duplicate_full_domain,400,2,4294967296,4.656612873077393e-10,38621649600,38621649600.0,96554124.0,True,0,38525095476
disjoint_partition,400,2,4294967296,4.656612873077393e-10,4261908800,4261908800.0,10654772.0,True,8,0
independent_candidate_headers,400,2,4294967296,4.656612873077393e-10,1131551600,1131551600.0,2828879.0,True,33,0
duplicate_full_domain,400,3,4294967296,4.656612873077393e-10,1233199564800,1233199564800.0,3082998912.0,True,0,1230116565888
disjoint_partition,400,3,4294967296,4.656612873077393e-10,543940000,543940000.0,1359850.0,True,287,0
independent_candidate_headers,400,3,4294967296,4.656612873077393e-10,1281762000,1281762000.0,3204405.0,True,83,0
duplicate_full_domain,400,4,4294967296,4.656612873077393e-10,1240145800400,1240145800400.0,3100364501.0,True,0,1237045435899
disjoint_partition,400,4,4294967296,4.656612873077393e-10,3195208400,3195208400.0,7988021.0,True,288,0
independent_candidate_headers,400,4,4294967296,4.656612873077393e-10,2032610800,2032610800.0,5081527.0,True,113,0
duplicate_full_domain,400,5,4294967296,4.656612873077393e-10,406618784000,406618784000.0,1016546960.0,True,0,405602237040
disjoint_partition,400,5,4294967296,4.656612873077393e-10,2891829600,2891829600.0,7229574.0,True,94,0
independent_candidate_headers,400,5,4294967296,4.656612873077393e-10,601550800,601550800.0,1503877.0,True,124,0
duplicate_full_domain,400,6,4294967296,4.656612873077393e-10,198859814000,198859814000.0,497149535.0,True,0,198362664465
disjoint_partition,400,6,4294967296,4.656612873077393e-10,1291304400,1291304400.0,3228261.0,True,46,0
independent_candidate_headers,400,6,4294967296,4.656612873077393e-10,104291600,104291600.0,260729.0,True,71,0
duplicate_full_domain,400,7,4294967296,4.656612873077393e-10,968539223600,968539223600.0,2421348059.0,True,0,966117875541
disjoint_partition,400,7,4294967296,4.656612873077393e-10,2171565200,2171565200.0,5428913.0,True,225,0
independent_candidate_headers,400,7,4294967296,4.656612873077393e-10,5945243600,5945243600.0,14863109.0,True,143,0
duplicate_full_domain,400,8,4294967296,4.656612873077393e-10,1274833803600,1274833803600.0,3187084509.0,True,0,1271646719091
disjoint_partition,400,8,4294967296,4.656612873077393e-10,3523474000,3523474000.0,8808685.0,True,296,0
independent_candidate_headers,400,8,4294967296,4.656612873077393e-10,748905600,748905600.0,1872264.0,True,6,0
duplicate_full_domain,400,9,4294967296,4.656612873077393e-10,661435558000,661435558000.0,1653588895.0,True,0,659781969105
disjoint_partition,400,9,4294967296,4.656612873077393e-10,10570800,10570800.0,26427.0,True,154,0
independent_candidate_headers,400,9,4294967296,4.656612873077393e-10,877580800,877580800.0,2193952.0,True,357,0
duplicate_full_domain,400,10,4294967296,4.656612873077393e-10,480745351600,480745351600.0,1201863379.0,True,0,479543488221
disjoint_partition,400,10,4294967296,4.656612873077393e-10,4003954000,4003954000.0,10009885.0,True,111,0
independent_candidate_headers,400,10,4294967296,4.656612873077393e-10,139197600,139197600.0,347994.0,True,238,0
duplicate_full_domain,400,11,4294967296,4.656612873077393e-10,681382586800,681382586800.0,1703456467.0,True,0,679679130333
disjoint_partition,400,11,4294967296,4.656612873077393e-10,2777730800,2777730800.0,6944327.0,True,158,0
independent_candidate_headers,400,11,4294967296,4.656612873077393e-10,551972400,551972400.0,1379931.0,True,163,0
duplicate_full_domain,400,12,4294967296,4.656612873077393e-10,640246237600,640246237600.0,1600615594.0,True,0,638645622006
disjoint_partition,400,12,4294967296,4.656612873077393e-10,296086400,296086400.0,740216.0,True,149,0
independent_candidate_headers,400,12,4294967296,4.656612873077393e-10,1293642400,1293642400.0,3234106.0,True,99,0
duplicate_full_domain,400,13,4294967296,4.656612873077393e-10,1160409480400,1160409480400.0,2901023701.0,True,0,1157508456699
disjoint_partition,400,13,4294967296,4.656612873077393e-10,768298000,768298000.0,1920745.0,True,270,0
independent_candidate_headers,400,13,4294967296,4.656612873077393e-10,319968000,319968000.0,799920.0,True,202,0
duplicate_full_domain,400,14,4294967296,4.656612873077393e-10,1717986918400,1717986918400.0,4294967296.0,False,,1713691951104
disjoint_partition,400,14,4294967296,4.656612873077393e-10,4294967296,4294967296.0,10737419.0,False,,0
independent_candidate_headers,400,14,4294967296,4.656612873077393e-10,843563200,843563200.0,2108908.0,True,280,0
duplicate_full_domain,400,15,4294967296,4.656612873077393e-10,30387998000,30387998000.0,75969995.0,True,0,30312028005
disjoint_partition,400,15,4294967296,4.656612873077393e-10,323224800,323224800.0,808062.0,True,7,0
independent_candidate_headers,400,15,4294967296,4.656612873077393e-10,157868400,157868400.0,394671.0,True,9,0
duplicate_full_domain,400,16,4294967296,4.656612873077393e-10,873965920000,873965920000.0,2184914800.0,True,0,871781005200
disjoint_partition,400,16,4294967296,4.656612873077393e-10,2087540000,2087540000.0,5218850.0,True,203,0
independent_candidate_headers,400,16,4294967296,4.656612873077393e-10,679868800,679868800.0,1699672.0,True,351,0
duplicate_full_domain,400,17,4294967296,4.656612873077393e-10,558447552800,558447552800.0,1396118882.0,True,0,557051433918
disjoint_partition,400,17,4294967296,4.656612873077393e-10,101778400,101778400.0,254446.0,True,130,0
independent_candidate_headers,400,17,4294967296,4.656612873077393e-10,1335049600,1335049600.0,3337624.0,True,17,0
duplicate_full_domain,400,18,4294967296,4.656612873077393e-10,1466985579600,1466985579600.0,3667463949.0,True,0,1463318115651
disjoint_partition,400,18,4294967296,4.656612873077393e-10,2401726000,2401726000.0,6004315.0,True,341,0
independent_candidate_headers,400,18,4294967296,4.656612873077393e-10,3145270000,3145270000.0,7863175.0,True,178,0
duplicate_full_domain,400,19,4294967296,4.656612873077393e-10,334919972800,334919972800.0,837299932.0,True,0,334082672868
disjoint_partition,400,19,4294967296,4.656612873077393e-10,4207467600,4207467600.0,10518669.0,True,77,0
independent_candidate_headers,400,19,4294967296,4.656612873077393e-10,2738591200,2738591200.0,6846478.0,True,5,0
duplicate_full_domain,400,20,4294967296,4.656612873077393e-10,85138072000,85138072000.0,212845180.0,True,0,84925226820
disjoint_partition,400,20,4294967296,4.656612873077393e-10,3533687600,3533687600.0,8834219.0,True,19,0
independent_candidate_headers,400,20,4294967296,4.656612873077393e-10,2875471600,2875471600.0,7188679.0,True,222,0
duplicate_full_domain,400,21,4294967296,4.656612873077393e-10,1548005886400,1548005886400.0,3870014716.0,True,0,1544135871684
disjoint_partition,400,21,4294967296,4.656612873077393e-10,1817656000,1817656000.0,4544140.0,True,360,0
independent_candidate_headers,400,21,4294967296,4.656612873077393e-10,1667720400,1667720400.0,4169301.0,True,386,0
duplicate_full_domain,400,22,4294967296,4.656612873077393e-10,36669542400,36669542400.0,91673856.0,True,0,36577868544
disjoint_partition,400,22,4294967296,4.656612873077393e-10,2309801600,2309801600.0,5774504.0,True,8,0
independent_candidate_headers,400,22,4294967296,4.656612873077393e-10,1177066000,1177066000.0,2942665.0,True,3,0
duplicate_full_domain,400,23,4294967296,4.656612873077393e-10,67093596400,67093596400.0,167733991.0,True,0,66925862409
disjoint_partition,400,23,4294967296,4.656612873077393e-10,2669082400,2669082400.0,6672706.0,True,15,0
independent_candidate_headers,400,23,4294967296,4.656612873077393e-10,6502988000,6502988000.0,16257470.0,True,323,0
duplicate_full_domain,400,24,4294967296,4.656612873077393e-10,291366938400,291366938400.0,728417346.0,True,0,290638521054
disjoint_partition,400,24,4294967296,4.656612873077393e-10,3604109200,3604109200.0,9010273.0,True,67,0
independent_candidate_headers,400,24,4294967296,4.656612873077393e-10,1476480000,1476480000.0,3691200.0,True,3,0
duplicate_full_domain,400,25,4294967296,4.656612873077393e-10,838042686400,838042686400.0,2095106716.0,True,0,835947579684
disjoint_partition,400,25,4294967296,4.656612873077393e-10,524044000,524044000.0,1310110.0,True,195,0
independent_candidate_headers,400,25,4294967296,4.656612873077393e-10,754634400,754634400.0,1886586.0,True,268,0
duplicate_full_domain,400,26,4294967296,4.656612873077393e-10,250225014000,250225014000.0,625562535.0,True,0,249599451465
disjoint_partition,400,26,4294967296,4.656612873077393e-10,1116893200,1116893200.0,2792233.0,True,58,0
independent_candidate_headers,400,26,4294967296,4.656612873077393e-10,897220000,897220000.0,2243050.0,True,189,0
duplicate_full_domain,400,27,4294967296,4.656612873077393e-10,372027973200,372027973200.0,930069933.0,True,0,371097903267
disjoint_partition,400,27,4294967296,4.656612873077393e-10,2660759600,2660759600.0,6651899.0,True,86,0
independent_candidate_headers,400,27,4294967296,4.656612873077393e-10,2325692400,2325692400.0,5814231.0,True,40,0
duplicate_full_domain,400,28,4294967296,4.656612873077393e-10,1717986918400,1717986918400.0,4294967296.0,False,,1713691951104
disjoint_partition,400,28,4294967296,4.656612873077393e-10,4294967296,4294967296.0,10737419.0,False,,0
independent_candidate_headers,400,28,4294967296,4.656612873077393e-10,1252057600,1252057600.0,3130144.0,True,149,0
duplicate_full_domain,400,29,4294967296,4.656612873077393e-10,516480781600,516480781600.0,1291201954.0,True,0,515189579646
disjoint_partition,400,29,4294967296,4.656612873077393e-10,1084679200,1084679200.0,2711698.0,True,120,0
independent_candidate_headers,400,29,4294967296,4.656612873077393e-10,463585600,463585600.0,1158964.0,True,323,0
duplicate_full_domain,500,0,4294967296,4.656612873077393e-10,181573055500,181573055500.0,363146111.0,True,0,181209909389
disjoint_partition,500,0,4294967296,4.656612873077393e-10,1184420500,1184420500.0,2368841.0,True,42,0
independent_candidate_headers,500,0,4294967296,4.656612873077393e-10,622565000,622565000.0,1245130.0,True,215,0
duplicate_full_domain,500,1,4294967296,4.656612873077393e-10,2147483648000,2147483648000.0,4294967296.0,False,,2143188680704
disjoint_partition,500,1,4294967296,4.656612873077393e-10,4294967296,4294967296.0,8589935.0,False,,0
independent_candidate_headers,500,1,4294967296,4.656612873077393e-10,8036450000,8036450000.0,16072900.0,True,40,0
duplicate_full_domain,500,2,4294967296,4.656612873077393e-10,48277062000,48277062000.0,96554124.0,True,0,48180507876
disjoint_partition,500,2,4294967296,4.656612873077393e-10,1032419500,1032419500.0,2064839.0,True,11,0
independent_candidate_headers,500,2,4294967296,4.656612873077393e-10,1414439500,1414439500.0,2828879.0,True,33,0
duplicate_full_domain,500,3,4294967296,4.656612873077393e-10,1541499456000,1541499456000.0,3082998912.0,True,0,1538416457088
disjoint_partition,500,3,4294967296,4.656612873077393e-10,3901122000,3901122000.0,7802244.0,True,358,0
independent_candidate_headers,500,3,4294967296,4.656612873077393e-10,1602202500,1602202500.0,3204405.0,True,83,0
duplicate_full_domain,500,4,4294967296,4.656612873077393e-10,1550182250500,1550182250500.0,3100364501.0,True,0,1547081885999
disjoint_partition,500,4,4294967296,4.656612873077393e-10,3993982500,3993982500.0,7987965.0,True,360,0
independent_candidate_headers,500,4,4294967296,4.656612873077393e-10,2540763500,2540763500.0,5081527.0,True,113,0
duplicate_full_domain,500,5,4294967296,4.656612873077393e-10,508273480000,508273480000.0,1016546960.0,True,0,507256933040
disjoint_partition,500,5,4294967296,4.656612873077393e-10,1467315000,1467315000.0,2934630.0,True,118,0
independent_candidate_headers,500,5,4294967296,4.656612873077393e-10,751938500,751938500.0,1503877.0,True,124,0
duplicate_full_domain,500,6,4294967296,4.656612873077393e-10,248574767500,248574767500.0,497149535.0,True,0,248077617965
disjoint_partition,500,6,4294967296,4.656612873077393e-10,3761620000,3761620000.0,7523240.0,True,57,0
independent_candidate_headers,500,6,4294967296,4.656612873077393e-10,130364500,130364500.0,260729.0,True,71,0
duplicate_full_domain,500,7,4294967296,4.656612873077393e-10,1210674029500,1210674029500.0,2421348059.0,True,0,1208252681441
disjoint_partition,500,7,4294967296,4.656612873077393e-10,3788162000,3788162000.0,7576324.0,True,281,0
independent_candidate_headers,500,7,4294967296,4.656612873077393e-10,7431554500,7431554500.0,14863109.0,True,143,0
duplicate_full_domain,500,8,4294967296,4.656612873077393e-10,1593542254500,1593542254500.0,3187084509.0,True,0,1590355169991
disjoint_partition,500,8,4294967296,4.656612873077393e-10,109349500,109349500.0,218699.0,True,371,0
independent_candidate_headers,500,8,4294967296,4.656612873077393e-10,936132000,936132000.0,1872264.0,True,6,0
duplicate_full_domain,500,9,4294967296,4.656612873077393e-10,826794447500,826794447500.0,1653588895.0,True,0,825140858605
disjoint_partition,500,9,4294967296,4.656612873077393e-10,2160687500,2160687500.0,4321375.0,True,192,0
independent_candidate_headers,500,9,4294967296,4.656612873077393e-10,1096976000,1096976000.0,2193952.0,True,357,0
duplicate_full_domain,500,10,4294967296,4.656612873077393e-10,600931689500,600931689500.0,1201863379.0,True,0,599729826121
disjoint_partition,500,10,4294967296,4.656612873077393e-10,3931207000,3931207000.0,7862414.0,True,139,0
independent_candidate_headers,500,10,4294967296,4.656612873077393e-10,173997000,173997000.0,347994.0,True,238,0
duplicate_full_domain,500,11,4294967296,4.656612873077393e-10,851728233500,851728233500.0,1703456467.0,True,0,850024777033
disjoint_partition,500,11,4294967296,4.656612873077393e-10,1324668500,1324668500.0,2649337.0,True,198,0
independent_candidate_headers,500,11,4294967296,4.656612873077393e-10,689965500,689965500.0,1379931.0,True,163,0
duplicate_full_domain,500,12,4294967296,4.656612873077393e-10,800307797000,800307797000.0,1600615594.0,True,0,798707181406
disjoint_partition,500,12,4294967296,4.656612873077393e-10,1443842000,1443842000.0,2887684.0,True,186,0
independent_candidate_headers,500,12,4294967296,4.656612873077393e-10,1617053000,1617053000.0,3234106.0,True,99,0
duplicate_full_domain,500,13,4294967296,4.656612873077393e-10,1450511850500,1450511850500.0,2901023701.0,True,0,1447610826799
disjoint_partition,500,13,4294967296,4.656612873077393e-10,3107823500,3107823500.0,6215647.0,True,337,0
independent_candidate_headers,500,13,4294967296,4.656612873077393e-10,399960000,399960000.0,799920.0,True,202,0
duplicate_full_domain,500,14,4294967296,4.656612873077393e-10,2147483648000,2147483648000.0,4294967296.0,False,,2143188680704
disjoint_partition,500,14,4294967296,4.656612873077393e-10,4294967296,4294967296.0,8589935.0,False,,0
independent_candidate_headers,500,14,4294967296,4.656612873077393e-10,1054454000,1054454000.0,2108908.0,True,280,0
duplicate_full_domain,500,15,4294967296,4.656612873077393e-10,37984997500,37984997500.0,75969995.0,True,0,37909027505
disjoint_partition,500,15,4294967296,4.656612873077393e-10,3625257500,3625257500.0,7250515.0,True,8,0
independent_candidate_headers,500,15,4294967296,4.656612873077393e-10,197335500,197335500.0,394671.0,True,9,0
duplicate_full_domain,500,16,4294967296,4.656612873077393e-10,1092457400000,1092457400000.0,2184914800.0,True,0,1090272485200
disjoint_partition,500,16,4294967296,4.656612873077393e-10,1535655000,1535655000.0,3071310.0,True,254,0
independent_candidate_headers,500,16,4294967296,4.656612873077393e-10,849836000,849836000.0,1699672.0,True,351,0
duplicate_full_domain,500,17,4294967296,4.656612873077393e-10,698059441000,698059441000.0,1396118882.0,True,0,696663322118
disjoint_partition,500,17,4294967296,4.656612873077393e-10,2274706000,2274706000.0,4549412.0,True,162,0
independent_candidate_headers,500,17,4294967296,4.656612873077393e-10,1668812000,1668812000.0,3337624.0,True,17,0
duplicate_full_domain,500,18,4294967296,4.656612873077393e-10,1833731974500,1833731974500.0,3667463949.0,True,0,1830064510551
disjoint_partition,500,18,4294967296,4.656612873077393e-10,4075884500,4075884500.0,8151769.0,True,426,0
independent_candidate_headers,500,18,4294967296,4.656612873077393e-10,3430685500,3430685500.0,6861371.0,True,494,0
duplicate_full_domain,500,19,4294967296,4.656612873077393e-10,418649966000,418649966000.0,837299932.0,True,0,417812666068
disjoint_partition,500,19,4294967296,4.656612873077393e-10,2038118500,2038118500.0,4076237.0,True,97,0
independent_candidate_headers,500,19,4294967296,4.656612873077393e-10,3423239000,3423239000.0,6846478.0,True,5,0
duplicate_full_domain,500,20,4294967296,4.656612873077393e-10,106422590000,106422590000.0,212845180.0,True,0,106209744820
disjoint_partition,500,20,4294967296,4.656612873077393e-10,3343370000,3343370000.0,6686740.0,True,24,0
independent_candidate_headers,500,20,4294967296,4.656612873077393e-10,3594339500,3594339500.0,7188679.0,True,222,0
duplicate_full_domain,500,21,4294967296,4.656612873077393e-10,1935007358000,1935007358000.0,3870014716.0,True,0,1931137343284
disjoint_partition,500,21,4294967296,4.656612873077393e-10,2272060000,2272060000.0,4544120.0,True,450,0
independent_candidate_headers,500,21,4294967296,4.656612873077393e-10,2084650500,2084650500.0,4169301.0,True,386,0
duplicate_full_domain,500,22,4294967296,4.656612873077393e-10,45836928000,45836928000.0,91673856.0,True,0,45745254144
disjoint_partition,500,22,4294967296,4.656612873077393e-10,2887253000,2887253000.0,5774506.0,True,10,0
independent_candidate_headers,500,22,4294967296,4.656612873077393e-10,1471332500,1471332500.0,2942665.0,True,3,0
duplicate_full_domain,500,23,4294967296,4.656612873077393e-10,83866995500,83866995500.0,167733991.0,True,0,83699261509
disjoint_partition,500,23,4294967296,4.656612873077393e-10,2262613000,2262613000.0,4525226.0,True,19,0
independent_candidate_headers,500,23,4294967296,4.656612873077393e-10,8128735000,8128735000.0,16257470.0,True,323,0
duplicate_full_domain,500,24,4294967296,4.656612873077393e-10,364208673000,364208673000.0,728417346.0,True,0,363480255654
disjoint_partition,500,24,4294967296,4.656612873077393e-10,3431403000,3431403000.0,6862806.0,True,84,0
independent_candidate_headers,500,24,4294967296,4.656612873077393e-10,1845600000,1845600000.0,3691200.0,True,3,0
duplicate_full_domain,500,25,4294967296,4.656612873077393e-10,1047553358000,1047553358000.0,2095106716.0,True,0,1045458251284
disjoint_partition,500,25,4294967296,4.656612873077393e-10,3876255500,3876255500.0,7752511.0,True,243,0
independent_candidate_headers,500,25,4294967296,4.656612873077393e-10,943293000,943293000.0,1886586.0,True,268,0
duplicate_full_domain,500,26,4294967296,4.656612873077393e-10,312781267500,312781267500.0,625562535.0,True,0,312155704965
disjoint_partition,500,26,4294967296,4.656612873077393e-10,3543607500,3543607500.0,7087215.0,True,72,0
independent_candidate_headers,500,26,4294967296,4.656612873077393e-10,1121525000,1121525000.0,2243050.0,True,189,0
duplicate_full_domain,500,27,4294967296,4.656612873077393e-10,465034966500,465034966500.0,930069933.0,True,0,464104896567
disjoint_partition,500,27,4294967296,4.656612873077393e-10,1178476500,1178476500.0,2356953.0,True,108,0
independent_candidate_headers,500,27,4294967296,4.656612873077393e-10,2907115500,2907115500.0,5814231.0,True,40,0
duplicate_full_domain,500,28,4294967296,4.656612873077393e-10,2147483648000,2147483648000.0,4294967296.0,False,,2143188680704
disjoint_partition,500,28,4294967296,4.656612873077393e-10,4294967296,4294967296.0,8589935.0,False,,0
independent_candidate_headers,500,28,4294967296,4.656612873077393e-10,1565072000,1565072000.0,3130144.0,True,149,0
duplicate_full_domain,500,29,4294967296,4.656612873077393e-10,645600977000,645600977000.0,1291201954.0,True,0,644309775046
disjoint_partition,500,29,4294967296,4.656612873077393e-10,1355852000,1355852000.0,2711704.0,True,150,0
independent_candidate_headers,500,29,4294967296,4.656612873077393e-10,579482000,579482000.0,1158964.0,True,323,0
