scenario_id,metric,seed_index,value_per_closed_round
P00_POCOL_NO_FLOOR,activation requests,0,0.0
P00_POCOL_NO_FLOOR,activation requests,1,0.0
P00_POCOL_NO_FLOOR,activation requests,2,0.0
P00_POCOL_NO_FLOOR,activation requests,3,0.0
P00_POCOL_NO_FLOOR,activation requests,4,0.0
P00_POCOL_NO_FLOOR,activation requests,5,0.0
P00_POCOL_NO_FLOOR,activation requests,6,0.0
P00_POCOL_NO_FLOOR,activation requests,7,0.0
P00_POCOL_NO_FLOOR,activation requests,8,0.0
P00_POCOL_NO_FLOOR,activation requests,9,0.0
P00_POCOL_NO_FLOOR,activation requests,10,0.0
P00_POCOL_NO_FLOOR,activation requests,11,0.0
P00_POCOL_NO_FLOOR,activation requests,MEAN,0.0
P01_POCOL_STAGE8S_COARSE,activation requests,0,3.1414634146341465
P01_POCOL_STAGE8S_COARSE,activation requests,1,3.0917874396135265
P01_POCOL_STAGE8S_COARSE,activation requests,2,3.1004784688995217
P01_POCOL_STAGE8S_COARSE,activation requests,3,3.2
P01_POCOL_STAGE8S_COARSE,activation requests,4,3.044776119402985
P01_POCOL_STAGE8S_COARSE,activation requests,5,3.2585365853658534
P01_POCOL_STAGE8S_COARSE,activation requests,6,3.111111111111111
P01_POCOL_STAGE8S_COARSE,activation requests,7,3.2233009708737863
P01_POCOL_STAGE8S_COARSE,activation requests,8,3.076923076923077
P01_POCOL_STAGE8S_COARSE,activation requests,9,3.0841121495327104
P01_POCOL_STAGE8S_COARSE,activation requests,10,3.138755980861244
P01_POCOL_STAGE8S_COARSE,activation requests,11,3.204081632653061
P01_POCOL_STAGE8S_COARSE,activation requests,MEAN,3.1396105791559186
P02_POCOL_SINGLE_HANDOFF,activation requests,0,0.0
P02_POCOL_SINGLE_HANDOFF,activation requests,1,0.0
P02_POCOL_SINGLE_HANDOFF,activation requests,2,0.0
P02_POCOL_SINGLE_HANDOFF,activation requests,3,0.0
P02_POCOL_SINGLE_HANDOFF,activation requests,4,0.0
P02_POCOL_SINGLE_HANDOFF,activation requests,5,0.0
P02_POCOL_SINGLE_HANDOFF,activation requests,6,0.0
P02_POCOL_SINGLE_HANDOFF,activation requests,7,0.0
P02_POCOL_SINGLE_HANDOFF,activation requests,8,0.0
P02_POCOL_SINGLE_HANDOFF,activation requests,9,0.0
P02_POCOL_SINGLE_HANDOFF,activation requests,10,0.0
P02_POCOL_SINGLE_HANDOFF,activation requests,11,0.0
P02_POCOL_SINGLE_HANDOFF,activation requests,MEAN,0.0
P00_POCOL_NO_FLOOR,incomplete activations,0,0.0
P00_POCOL_NO_FLOOR,incomplete activations,1,0.0
P00_POCOL_NO_FLOOR,incomplete activations,2,0.0
P00_POCOL_NO_FLOOR,incomplete activations,3,0.0
P00_POCOL_NO_FLOOR,incomplete activations,4,0.0
P00_POCOL_NO_FLOOR,incomplete activations,5,0.0
P00_POCOL_NO_FLOOR,incomplete activations,6,0.0
P00_POCOL_NO_FLOOR,incomplete activations,7,0.0
P00_POCOL_NO_FLOOR,incomplete activations,8,0.0
P00_POCOL_NO_FLOOR,incomplete activations,9,0.0
P00_POCOL_NO_FLOOR,incomplete activations,10,0.0
P00_POCOL_NO_FLOOR,incomplete activations,11,0.0
P00_POCOL_NO_FLOOR,incomplete activations,MEAN,0.0
P01_POCOL_STAGE8S_COARSE,incomplete activations,0,2.107317073170732
P01_POCOL_STAGE8S_COARSE,incomplete activations,1,2.0096618357487923
P01_POCOL_STAGE8S_COARSE,incomplete activations,2,2.0861244019138754
P01_POCOL_STAGE8S_COARSE,incomplete activations,3,2.0878048780487806
P01_POCOL_STAGE8S_COARSE,incomplete activations,4,1.8706467661691542
P01_POCOL_STAGE8S_COARSE,incomplete activations,5,2.1658536585365855
P01_POCOL_STAGE8S_COARSE,incomplete activations,6,2.0096618357487923
P01_POCOL_STAGE8S_COARSE,incomplete activations,7,2.1553398058252426
P01_POCOL_STAGE8S_COARSE,incomplete activations,8,2.0
P01_POCOL_STAGE8S_COARSE,incomplete activations,9,2.2429906542056073
P01_POCOL_STAGE8S_COARSE,incomplete activations,10,2.124401913875598
P01_POCOL_STAGE8S_COARSE,incomplete activations,11,1.8775510204081634
P01_POCOL_STAGE8S_COARSE,incomplete activations,MEAN,2.0614461536376103
P02_POCOL_SINGLE_HANDOFF,incomplete activations,0,0.0
P02_POCOL_SINGLE_HANDOFF,incomplete activations,1,0.0
P02_POCOL_SINGLE_HANDOFF,incomplete activations,2,0.0
P02_POCOL_SINGLE_HANDOFF,incomplete activations,3,0.0
P02_POCOL_SINGLE_HANDOFF,incomplete activations,4,0.0
P02_POCOL_SINGLE_HANDOFF,incomplete activations,5,0.0
P02_POCOL_SINGLE_HANDOFF,incomplete activations,6,0.0
P02_POCOL_SINGLE_HANDOFF,incomplete activations,7,0.0
P02_POCOL_SINGLE_HANDOFF,incomplete activations,8,0.0
P02_POCOL_SINGLE_HANDOFF,incomplete activations,9,0.0
P02_POCOL_SINGLE_HANDOFF,incomplete activations,10,0.0
P02_POCOL_SINGLE_HANDOFF,incomplete activations,11,0.0
P02_POCOL_SINGLE_HANDOFF,incomplete activations,MEAN,0.0
P00_POCOL_NO_FLOOR,handoffs,0,0.0
P00_POCOL_NO_FLOOR,handoffs,1,0.0
P00_POCOL_NO_FLOOR,handoffs,2,0.0
P00_POCOL_NO_FLOOR,handoffs,3,0.0
P00_POCOL_NO_FLOOR,handoffs,4,0.0
P00_POCOL_NO_FLOOR,handoffs,5,0.0
P00_POCOL_NO_FLOOR,handoffs,6,0.0
P00_POCOL_NO_FLOOR,handoffs,7,0.0
P00_POCOL_NO_FLOOR,handoffs,8,0.0
P00_POCOL_NO_FLOOR,handoffs,9,0.0
P00_POCOL_NO_FLOOR,handoffs,10,0.0
P00_POCOL_NO_FLOOR,handoffs,11,0.0
P00_POCOL_NO_FLOOR,handoffs,MEAN,0.0
P01_POCOL_STAGE8S_COARSE,handoffs,0,0.0
P01_POCOL_STAGE8S_COARSE,handoffs,1,0.0
P01_POCOL_STAGE8S_COARSE,handoffs,2,0.0
P01_POCOL_STAGE8S_COARSE,handoffs,3,0.0
P01_POCOL_STAGE8S_COARSE,handoffs,4,0.0
P01_POCOL_STAGE8S_COARSE,handoffs,5,0.0
P01_POCOL_STAGE8S_COARSE,handoffs,6,0.0
P01_POCOL_STAGE8S_COARSE,handoffs,7,0.0
P01_POCOL_STAGE8S_COARSE,handoffs,8,0.0
P01_POCOL_STAGE8S_COARSE,handoffs,9,0.0
P01_POCOL_STAGE8S_COARSE,handoffs,10,0.0
P01_POCOL_STAGE8S_COARSE,handoffs,11,0.0
P01_POCOL_STAGE8S_COARSE,handoffs,MEAN,0.0
P02_POCOL_SINGLE_HANDOFF,handoffs,0,0.504424778761062
P02_POCOL_SINGLE_HANDOFF,handoffs,1,0.4192139737991266
P02_POCOL_SINGLE_HANDOFF,handoffs,2,0.43612334801762115
P02_POCOL_SINGLE_HANDOFF,handoffs,3,0.4419642857142857
P02_POCOL_SINGLE_HANDOFF,handoffs,4,0.5
P02_POCOL_SINGLE_HANDOFF,handoffs,5,0.4713656387665198
P02_POCOL_SINGLE_HANDOFF,handoffs,6,0.4298245614035088
P02_POCOL_SINGLE_HANDOFF,handoffs,7,0.4342105263157895
P02_POCOL_SINGLE_HANDOFF,handoffs,8,0.4342105263157895
P02_POCOL_SINGLE_HANDOFF,handoffs,9,0.4434782608695652
P02_POCOL_SINGLE_HANDOFF,handoffs,10,0.43171806167400884
P02_POCOL_SINGLE_HANDOFF,handoffs,11,0.4954954954954955
P02_POCOL_SINGLE_HANDOFF,handoffs,MEAN,0.4535024547610644
P00_POCOL_NO_FLOOR,reassignments,0,0.0
P00_POCOL_NO_FLOOR,reassignments,1,0.0
P00_POCOL_NO_FLOOR,reassignments,2,0.0
P00_POCOL_NO_FLOOR,reassignments,3,0.0
P00_POCOL_NO_FLOOR,reassignments,4,0.0
P00_POCOL_NO_FLOOR,reassignments,5,0.0
P00_POCOL_NO_FLOOR,reassignments,6,0.0
P00_POCOL_NO_FLOOR,reassignments,7,0.0
P00_POCOL_NO_FLOOR,reassignments,8,0.0
P00_POCOL_NO_FLOOR,reassignments,9,0.0
P00_POCOL_NO_FLOOR,reassignments,10,0.0
P00_POCOL_NO_FLOOR,reassignments,11,0.0
P00_POCOL_NO_FLOOR,reassignments,MEAN,0.0
P01_POCOL_STAGE8S_COARSE,reassignments,0,1.5804878048780489
P01_POCOL_STAGE8S_COARSE,reassignments,1,1.7246376811594204
P01_POCOL_STAGE8S_COARSE,reassignments,2,1.6076555023923444
P01_POCOL_STAGE8S_COARSE,reassignments,3,1.604878048780488
P01_POCOL_STAGE8S_COARSE,reassignments,4,1.955223880597015
P01_POCOL_STAGE8S_COARSE,reassignments,5,1.6439024390243901
P01_POCOL_STAGE8S_COARSE,reassignments,6,1.6328502415458936
P01_POCOL_STAGE8S_COARSE,reassignments,7,1.7135922330097086
P01_POCOL_STAGE8S_COARSE,reassignments,8,1.6971153846153846
P01_POCOL_STAGE8S_COARSE,reassignments,9,1.266355140186916
P01_POCOL_STAGE8S_COARSE,reassignments,10,1.5741626794258374
P01_POCOL_STAGE8S_COARSE,reassignments,11,2.1122448979591835
P01_POCOL_STAGE8S_COARSE,reassignments,MEAN,1.6760921611312192
P02_POCOL_SINGLE_HANDOFF,reassignments,0,0.504424778761062
P02_POCOL_SINGLE_HANDOFF,reassignments,1,0.4192139737991266
P02_POCOL_SINGLE_HANDOFF,reassignments,2,0.43612334801762115
P02_POCOL_SINGLE_HANDOFF,reassignments,3,0.4419642857142857
P02_POCOL_SINGLE_HANDOFF,reassignments,4,0.5
P02_POCOL_SINGLE_HANDOFF,reassignments,5,0.4713656387665198
P02_POCOL_SINGLE_HANDOFF,reassignments,6,0.4298245614035088
P02_POCOL_SINGLE_HANDOFF,reassignments,7,0.4342105263157895
P02_POCOL_SINGLE_HANDOFF,reassignments,8,0.4342105263157895
P02_POCOL_SINGLE_HANDOFF,reassignments,9,0.4434782608695652
P02_POCOL_SINGLE_HANDOFF,reassignments,10,0.43171806167400884
P02_POCOL_SINGLE_HANDOFF,reassignments,11,0.4954954954954955
P02_POCOL_SINGLE_HANDOFF,reassignments,MEAN,0.4535024547610644
