hypothesis,label,family,outcome,direction_expected,n_pairs,n_dropped_na,ref_mean,trt_mean,mean_diff,median_diff_hl,sd_diff,dz,rel_change_vs_a,boot_ci_lo,boot_ci_hi,perm_p,p_holm,wilcoxon_p,perm_deterministic,direction_met
H1,H1: B1>B2 (duplicate_evaluation_rate),H1_duplicate_rate,duplicate_evaluation_rate,>,150,0,0.6000396582567409,0.9954333333333335,0.3953936750765925,0.3919527427850048,0.13356736790247126,2.9602565453360032,0.6589459040512522,0.37414543649531706,0.41614936268805863,9.999000099990002e-05,0.00029997000299970003,2.2996057560669792e-26,False,True
H1,H1: B2>B3/C1 (duplicate_evaluation_rate),H1_duplicate_rate,duplicate_evaluation_rate,>,150,0,0.0,0.6000396582567409,0.6000396582567409,0.6033097113793894,0.1337893632032811,4.484957876247857,,0.578741008277604,0.6211933240023068,9.999000099990002e-05,0.00029997000299970003,2.2996057560669792e-26,False,True
H1,H1: B1>B3/C1 (duplicate_evaluation_rate),H1_duplicate_rate,duplicate_evaluation_rate,>,150,0,0.0,0.9954333333333335,0.9954333333333335,0.9962500000000001,0.0029110604477833933,341.94869917294204,,0.9949533333333335,0.9958811111111112,9.999000099990002e-05,0.00029997000299970003,1.302296550044173e-26,False,True
H5,H5 B3 N=100: weighted vs equal (completion_time_std_s),H5_allocation,completion_time_std_s,<,30,0,769.4470361198714,3.4600194174936773e-10,-769.4470361195255,-767.309853615003,86.33762476102055,-8.912070933724749,-0.9999999999995504,-799.1031228019979,-739.7425935795696,9.999000099990002e-05,0.0007999200079992001,1.862645149230957e-09,False,True
H5,H5 B3 N=100: weighted vs equal (total_idle_time_s),H5_allocation,total_idle_time_s,<,30,0,0.0,0.0,0.0,0.0,0.0,,,0.0,0.0,,,,True,False
H5,H5 B3 N=100: weighted vs equal (total_energy_kwh),H5_allocation,total_energy_kwh,,30,0,8.42083333333333,8.42083333333333,0.0,0.0,0.0,,0.0,0.0,0.0,,,,True,
H5,H5 B3 N=500: weighted vs equal (completion_time_std_s),H5_allocation,completion_time_std_s,<,30,0,800.3310489296936,1.7678572557454082e-09,-800.3310489279258,-800.0491781848583,43.00268423684694,-18.611188188158742,-0.9999999999977913,-815.4686525653522,-785.5125122052436,9.999000099990002e-05,0.0007999200079992001,1.862645149230957e-09,False,True
H5,H5 B3 N=500: weighted vs equal (total_idle_time_s),H5_allocation,total_idle_time_s,<,30,0,0.0,0.0,0.0,0.0,0.0,,,0.0,0.0,,,,True,False
H5,H5 B3 N=500: weighted vs equal (total_energy_kwh),H5_allocation,total_energy_kwh,,30,0,8.420833333333329,8.420833333333329,0.0,0.0,0.0,,0.0,0.0,0.0,,,,True,
H5,H5 C2 N=100: weighted vs equal (completion_time_std_s),H5_allocation,completion_time_std_s,<,30,0,769.4470361198714,3.4600194174936773e-10,-769.4470361195255,-767.309853615003,86.33762476102055,-8.912070933724749,-0.9999999999995504,-799.1031228019979,-739.7425935795696,9.999000099990002e-05,0.0007999200079992001,1.862645149230957e-09,False,True
H5,H5 C2 N=100: weighted vs equal (total_idle_time_s),H5_allocation,total_idle_time_s,<,30,0,386840.8337502038,2.0256915667237235e-07,-386840.83375000115,-383255.5760746051,134173.3227857209,-2.8831426823035335,-0.9999999999994762,-433814.1946890453,-339315.9319315924,9.999000099990002e-05,0.0007999200079992001,1.862645149230957e-09,False,True
H5,H5 C2 N=100: weighted vs equal (total_energy_kwh),H5_allocation,total_energy_kwh,,30,0,5.0380260347363315,8.420833333331798,3.382807298595467,3.359235256867712,1.0311919792874442,3.28048255469655,0.6714549062016725,3.0165720719000975,3.741904018870168,9.999000099990002e-05,0.0007999200079992001,1.862645149230957e-09,False,
H5,H5 C2 N=500: weighted vs equal (completion_time_std_s),H5_allocation,completion_time_std_s,<,30,0,800.3310489296936,1.7678572557454082e-09,-800.3310489279258,-800.0491781848583,43.00268423684694,-18.611188188158742,-0.9999999999977913,-815.4686525653522,-785.5125122052436,9.999000099990002e-05,0.0007999200079992001,1.862645149230957e-09,False,True
H5,H5 C2 N=500: weighted vs equal (total_idle_time_s),H5_allocation,total_idle_time_s,<,30,0,2231372.8946386483,7.921920991254305e-06,-2231372.894630727,-2277931.2502160836,823712.6274499539,-2.7089215586491635,-0.99999999999645,-2516333.798732471,-1937842.8020270986,9.999000099990002e-05,0.0007999200079992001,1.862645149230957e-09,False,True
H5,H5 C2 N=500: weighted vs equal (total_energy_kwh),H5_allocation,total_energy_kwh,,30,0,4.612893111072233,8.420833333321331,3.8079402222491012,3.890452221552605,1.2248069777643895,3.109012514934918,0.8254993407735767,3.3719541038122043,4.232410463300742,9.999000099990002e-05,0.0007999200079992001,1.862645149230957e-09,False,
H6,H6 N=100 inact=0.05: vs baseline (inactive_domain),H6_inactive,inactive_domain,>,30,0,0.0,8460000000000000.0,8460000000000000.0,8460000000000000.0,0.0,,,8460000000000000.0,8460000000000000.0,,,4.320463057827488e-08,True,True
H6,H6 N=100 inact=0.05: vs baseline (exhausted_rounds),H6_inactive,exhausted_rounds,>,30,0,2.3666666666666667,2.6333333333333333,0.26666666666666666,0.5,0.5832922809856748,0.45717503104282603,0.11267605633802817,0.06666666666666667,0.4666666666666667,0.0367963203679632,0.2943705629437056,0.03857421875,False,True
H6,H6 N=100 inact=0.05: vs baseline (effective_block_interval_s),H6_inactive,effective_block_interval_s,>,30,0,608.2594206046218,660.9743221635805,52.714901558958644,49.34210526315792,66.17523985458399,0.7965955495559425,0.0866651625494908,30.57759746441771,77.30870570759015,0.00019998000199980003,0.0029997000299970007,0.0004348772241765822,False,True
H6,H6 N=100 inact=0.05: vs baseline (accepted_blocks),H6_inactive,accepted_blocks,<,30,0,17.166666666666668,16.033333333333335,-1.1333333333333333,-1.0,1.3060425438846859,-0.8677614206673182,-0.06601941747572815,-1.6,-0.7,0.00019998000199980003,0.0029997000299970007,0.0003823271468924732,False,True
H6,H6 N=100 inact=0.05: vs baseline (total_energy_kwh),H6_inactive,total_energy_kwh,<,30,0,8.420833333333329,7.9997916666666695,-0.42104166666666565,-0.42104166666666565,0.0,,-0.049999999999999906,-0.42104166666666565,-0.42104166666666565,,,4.320463057827488e-08,True,True
H6,H6 N=100 inact=0.05: vs baseline (energy_per_accepted_block_kwh),H6_inactive,energy_per_accepted_block_kwh,,30,0,0.5122051204341419,0.5287656874324859,0.01656056699834406,0.01335541000939855,0.050947604629561216,0.32505094437227294,0.03233190442201637,-0.0005645646431963234,0.03554570043086716,0.08539146085391461,0.426957304269573,0.2987775961294449,False,
H6,H6 N=100 inact=0.15: vs baseline (inactive_domain),H6_inactive,inactive_domain,>,30,0,0.0,2.538e+16,2.538e+16,2.538e+16,0.0,,,2.538e+16,2.538e+16,,,4.320463057827488e-08,True,True
H6,H6 N=100 inact=0.15: vs baseline (exhausted_rounds),H6_inactive,exhausted_rounds,>,30,0,2.3666666666666667,2.7666666666666666,0.4,0.5,1.0372377109252813,0.3856396617542712,0.16901408450704225,0.06666666666666667,0.8,0.0547945205479452,0.3835616438356164,0.040019580330901354,False,True
H6,H6 N=100 inact=0.15: vs baseline (effective_block_interval_s),H6_inactive,effective_block_interval_s,>,30,0,608.2594206046218,710.7435449540712,102.48412434944946,83.33333333333331,132.25331989722315,0.7749077635940786,0.16848752502275793,58.95885572259412,152.6891508044759,9.999000099990002e-05,0.0023997600239976003,8.832385863081277e-05,False,True
H6,H6 N=100 inact=0.15: vs baseline (accepted_blocks),H6_inactive,accepted_blocks,<,30,0,17.166666666666668,14.866666666666667,-2.3,-2.0,2.4795717094024456,-0.9275795458056258,-0.13398058252427184,-3.2333333333333334,-1.4666666666666666,9.999000099990002e-05,0.0023997600239976003,8.058194031965037e-05,False,True
H6,H6 N=100 inact=0.15: vs baseline (total_energy_kwh),H6_inactive,total_energy_kwh,<,30,0,8.420833333333329,7.157708333333336,-1.2631249999999998,-1.2631249999999996,2.2584051416334807e-16,-5592995591067397.0,-0.15000000000000005,-1.2631249999999996,-1.2631249999999996,,,4.320463057827488e-08,True,True
H6,H6 N=100 inact=0.15: vs baseline (energy_per_accepted_block_kwh),H6_inactive,energy_per_accepted_block_kwh,,30,0,0.5122051204341419,0.508729499458063,-0.0034756209760789156,-0.017093571937321916,0.09828246990952048,-0.035363590061163463,-0.006785603730655798,-0.03603167708528382,0.033426007647171296,0.8468153184681532,1.0,0.28938779296386474,False,
H6,H6 N=100 inact=0.3: vs baseline (inactive_domain),H6_inactive,inactive_domain,>,30,0,0.0,5.076e+16,5.076e+16,5.076e+16,0.0,,,5.076e+16,5.076e+16,,,4.320463057827488e-08,True,True
H6,H6 N=100 inact=0.3: vs baseline (exhausted_rounds),H6_inactive,exhausted_rounds,>,30,0,2.3666666666666667,3.033333333333333,0.6666666666666666,0.5,1.2954385047312087,0.5146262553041788,0.2816901408450704,0.23333333333333334,1.1333333333333333,0.012898710128987101,0.128987101289871,0.010244215445594517,False,True
H6,H6 N=100 inact=0.3: vs baseline (effective_block_interval_s),H6_inactive,effective_block_interval_s,>,30,0,608.2594206046218,818.4187544481662,210.15933384354443,185.60606060606062,153.70326178397812,1.3673056212620416,0.3455093776182569,157.58595406428222,265.467492102554,9.999000099990002e-05,0.0023997600239976003,2.5561870245802228e-06,False,True
H6,H6 N=100 inact=0.3: vs baseline (accepted_blocks),H6_inactive,accepted_blocks,<,30,0,17.166666666666668,13.066666666666666,-4.1,-4.0,2.643795599590444,-1.550800674846096,-0.23883495145631065,-5.033333333333333,-3.2,9.999000099990002e-05,0.0023997600239976003,2.3968694110205443e-06,False,True
H6,H6 N=100 inact=0.3: vs baseline (total_energy_kwh),H6_inactive,total_energy_kwh,<,30,0,8.420833333333329,5.894583333333335,-2.5262499999999997,-2.526249999999999,4.516810283266961e-16,-5592995591067397.0,-0.3000000000000001,-2.526249999999999,-2.526249999999999,,,4.320463057827488e-08,True,True
H6,H6 N=100 inact=0.3: vs baseline (energy_per_accepted_block_kwh),H6_inactive,energy_per_accepted_block_kwh,,30,0,0.5122051204341419,0.4824237549657587,-0.029781365468383298,-0.04125357744107744,0.09434728221623336,-0.31565684531460864,-0.05814343566722019,-0.062126203852508353,0.003907017493913563,0.09729027097290271,0.426957304269573,0.11556968139882542,False,
H6,H6 N=500 inact=0.05: vs baseline (inactive_domain),H6_inactive,inactive_domain,>,30,0,0.0,8460000000000000.0,8460000000000000.0,8460000000000000.0,0.0,,,8460000000000000.0,8460000000000000.0,,,4.320463057827488e-08,True,True
H6,H6 N=500 inact=0.05: vs baseline (exhausted_rounds),H6_inactive,exhausted_rounds,>,30,0,2.1666666666666665,2.4,0.23333333333333334,0.0,0.4301830671520762,0.5424047368439225,0.1076923076923077,0.1,0.4,0.0165983401659834,0.1493850614938506,0.015625,False,True
H6,H6 N=500 inact=0.05: vs baseline (effective_block_interval_s),H6_inactive,effective_block_interval_s,>,30,0,593.5958281260475,618.9604441539426,25.36461602789507,18.382352941176464,41.91901675485542,0.6050861396923658,0.042730448608390495,12.39412442245092,41.767835215641114,0.0005999400059994001,0.007799220077992201,0.000244140625,False,True
H6,H6 N=500 inact=0.05: vs baseline (accepted_blocks),H6_inactive,accepted_blocks,<,30,0,17.6,16.9,-0.7,-0.5,0.9523111632886269,-0.7350538636790543,-0.039772727272727265,-1.0666666666666667,-0.36666666666666664,0.0005999400059994001,0.007799220077992201,0.000244140625,False,True
H6,H6 N=500 inact=0.05: vs baseline (total_energy_kwh),H6_inactive,total_energy_kwh,<,30,0,8.420833333333329,7.9997916666666695,-0.42104166666666565,-0.42104166666666565,0.0,,-0.049999999999999906,-0.42104166666666565,-0.42104166666666565,,,4.320463057827488e-08,True,True
H6,H6 N=500 inact=0.05: vs baseline (energy_per_accepted_block_kwh),H6_inactive,energy_per_accepted_block_kwh,,30,0,0.4998571536011425,0.4951554603139009,-0.004701693287241591,-0.009253663003662926,0.03379154315588728,-0.13913816440852436,-0.00940607382202891,-0.01551273479026295,0.008398976983967785,0.4814518548145185,1.0,0.0976746213491496,False,
H6,H6 N=500 inact=0.15: vs baseline (inactive_domain),H6_inactive,inactive_domain,>,30,0,0.0,2.538e+16,2.538e+16,2.538e+16,0.0,,,2.538e+16,2.538e+16,,,4.320463057827488e-08,True,True
H6,H6 N=500 inact=0.15: vs baseline (exhausted_rounds),H6_inactive,exhausted_rounds,>,30,0,2.1666666666666665,2.533333333333333,0.36666666666666664,0.5,0.6686751354593717,0.5483479902610272,0.16923076923076924,0.13333333333333333,0.6,0.0115988401159884,0.1275872412758724,0.007632881787792299,False,True
H6,H6 N=500 inact=0.15: vs baseline (effective_block_interval_s),H6_inactive,effective_block_interval_s,>,30,0,593.5958281260475,671.3177698522296,77.72194172618187,74.4047619047619,67.87626603604441,1.1450532898334316,0.13093411045617717,54.22725871903083,101.51221363489165,9.999000099990002e-05,0.0023997600239976003,2.6929243565254072e-05,False,True
H6,H6 N=500 inact=0.15: vs baseline (accepted_blocks),H6_inactive,accepted_blocks,<,30,0,17.6,15.433333333333334,-2.1666666666666665,-2.0,1.8398525678065534,-1.1776305909389992,-0.1231060606060606,-2.8333333333333335,-1.5333333333333334,9.999000099990002e-05,0.0023997600239976003,2.424200943694308e-05,False,True
H6,H6 N=500 inact=0.15: vs baseline (total_energy_kwh),H6_inactive,total_energy_kwh,<,30,0,8.420833333333329,7.157708333333336,-1.2631249999999998,-1.2631249999999996,2.2584051416334807e-16,-5592995591067397.0,-0.15000000000000005,-1.2631249999999996,-1.2631249999999996,,,4.320463057827488e-08,True,True
H6,H6 N=500 inact=0.15: vs baseline (energy_per_accepted_block_kwh),H6_inactive,energy_per_accepted_block_kwh,,30,0,0.4998571536011425,0.48050967955860513,-0.019347474042537394,-0.02008257949561404,0.05582073108015474,-0.3466001549631399,-0.03870600611224937,-0.038640784535842174,7.807486205562217e-05,0.0694930506949305,0.416958304169583,0.08214978612203794,False,
H6,H6 N=500 inact=0.3: vs baseline (inactive_domain),H6_inactive,inactive_domain,>,30,0,0.0,5.076e+16,5.076e+16,5.076e+16,0.0,,,5.076e+16,5.076e+16,,,4.320463057827488e-08,True,True
H6,H6 N=500 inact=0.3: vs baseline (exhausted_rounds),H6_inactive,exhausted_rounds,>,30,0,2.1666666666666665,3.2333333333333334,1.0666666666666667,1.0,1.1724814044061258,0.9097514575994018,0.49230769230769234,0.6666666666666666,1.5,9.999000099990002e-05,0.0023997600239976003,0.0001779070634859494,False,True
H6,H6 N=500 inact=0.3: vs baseline (effective_block_interval_s),H6_inactive,effective_block_interval_s,>,30,0,593.5958281260475,878.1312641606759,284.5354360346284,242.91497975708512,227.18568398250315,1.2524355894561652,0.47934204142386344,208.93026240036272,368.01301226000874,9.999000099990002e-05,0.0023997600239976003,3.786882511451119e-06,False,True
H6,H6 N=500 inact=0.3: vs baseline (accepted_blocks),H6_inactive,accepted_blocks,<,30,0,17.6,12.3,-5.3,-5.5,3.0303066875631015,-1.7489978891417521,-0.3011363636363636,-6.366666666666666,-4.233333333333333,9.999000099990002e-05,0.0023997600239976003,3.6335474873107828e-06,False,True
H6,H6 N=500 inact=0.3: vs baseline (total_energy_kwh),H6_inactive,total_energy_kwh,<,30,0,8.420833333333329,5.894583333333335,-2.5262499999999997,-2.526249999999999,4.516810283266961e-16,-5592995591067397.0,-0.3000000000000001,-2.526249999999999,-2.526249999999999,,,4.320463057827488e-08,True,True
H6,H6 N=500 inact=0.3: vs baseline (energy_per_accepted_block_kwh),H6_inactive,energy_per_accepted_block_kwh,,30,0,0.4998571536011425,0.517621791420045,0.017764637818902602,-0.0009010145556198057,0.13627922436439469,0.13035470301329308,0.03553942899670447,-0.02816292639594547,0.067579430953135,0.4851514848515148,1.0,0.9913735067882429,False,
H8,H8 N=100 mu=1.0: vs baseline mu=2.0 (exhausted_rounds),H8_mu,exhausted_rounds,>,30,0,2.3666666666666667,9.266666666666667,6.9,7.0,1.7684982914598906,3.90161530453279,2.915492957746479,6.266666666666667,7.533333333333333,9.999000099990002e-05,0.0015998400159984002,1.5942375258103098e-06,False,True
H8,H8 N=100 mu=1.0: vs baseline mu=2.0 (coord_template_refresh_count),H8_mu,coord_template_refresh_count,>,30,0,2.3666666666666667,9.266666666666667,6.9,7.0,1.7684982914598906,3.90161530453279,2.915492957746479,6.266666666666667,7.533333333333333,9.999000099990002e-05,0.0015998400159984002,1.5942375258103098e-06,False,True
H8,H8 N=100 mu=1.0: vs baseline mu=2.0 (template_generations),H8_mu,template_generations,>,30,0,20.533333333333335,27.4,6.866666666666666,6.5,3.3603502827813214,2.043437763572436,0.3344155844155844,5.733333333333333,8.066666666666666,9.999000099990002e-05,0.0015998400159984002,1.679483202276532e-06,False,True
H8,H8 N=100 mu=1.0: vs baseline mu=2.0 (effective_block_interval_s),H8_mu,effective_block_interval_s,>,30,0,608.2594206046218,616.7595023941774,8.500081789555486,7.249694749694754,155.19213239422376,0.054771344773865985,0.013974435087427396,-46.252504762179655,62.59835697355049,0.7654234576542346,0.7685231476852316,0.7006408979922842,False,True
H8,H8 N=100 mu=0.5: vs baseline mu=2.0 (exhausted_rounds),H8_mu,exhausted_rounds,>,30,0,2.3666666666666667,25.433333333333334,23.066666666666666,23.0,2.164499358111332,10.656813817119286,9.746478873239436,22.3,23.8,9.999000099990002e-05,0.0015998400159984002,1.6249951586519442e-06,False,True
H8,H8 N=100 mu=0.5: vs baseline mu=2.0 (coord_template_refresh_count),H8_mu,coord_template_refresh_count,>,30,0,2.3666666666666667,25.433333333333334,23.066666666666666,23.0,2.164499358111332,10.656813817119286,9.746478873239436,22.3,23.8,9.999000099990002e-05,0.0015998400159984002,1.6249951586519442e-06,False,True
H8,H8 N=100 mu=0.5: vs baseline mu=2.0 (template_generations),H8_mu,template_generations,>,30,0,20.533333333333335,42.8,22.266666666666666,22.0,3.1176177170854444,7.142205583654118,1.0844155844155843,21.2,23.366666666666667,9.999000099990002e-05,0.0015998400159984002,1.6752383396794872e-06,False,True
H8,H8 N=100 mu=0.5: vs baseline mu=2.0 (effective_block_interval_s),H8_mu,effective_block_interval_s,>,30,0,608.2594206046218,647.5744084490215,39.31498784439961,32.05128205128199,225.28259909314158,0.17451409031438372,0.06463523048326936,-36.993650126390065,120.90463884097782,0.3575642435756424,0.7685231476852316,0.4754442113748394,False,True
H8,H8 N=500 mu=1.0: vs baseline mu=2.0 (exhausted_rounds),H8_mu,exhausted_rounds,>,30,0,2.1666666666666665,9.3,7.133333333333334,7.0,2.096521475885848,3.4024613701222735,3.2923076923076926,6.4,7.867499999999987,9.999000099990002e-05,0.0015998400159984002,1.6416009966164372e-06,False,True
H8,H8 N=500 mu=1.0: vs baseline mu=2.0 (coord_template_refresh_count),H8_mu,coord_template_refresh_count,>,30,0,2.1666666666666665,9.3,7.133333333333334,7.0,2.096521475885848,3.4024613701222735,3.2923076923076926,6.4,7.867499999999987,9.999000099990002e-05,0.0015998400159984002,1.6416009966164372e-06,False,True
H8,H8 N=500 mu=1.0: vs baseline mu=2.0 (template_generations),H8_mu,template_generations,>,30,0,20.766666666666666,27.133333333333333,6.366666666666666,6.5,2.8585423501876077,2.227242379756528,0.30658105939004815,5.333333333333333,7.366666666666666,9.999000099990002e-05,0.0015998400159984002,1.8454744786905325e-06,False,True
H8,H8 N=500 mu=1.0: vs baseline mu=2.0 (effective_block_interval_s),H8_mu,effective_block_interval_s,>,30,0,593.5958281260475,627.1623256917375,33.566497565689914,27.31092436974788,156.096029980688,0.21503748410412948,0.05654773159652701,-19.360649231341775,90.1686640790995,0.25617438256174385,0.7685231476852316,0.2918561106111549,False,True
H8,H8 N=500 mu=0.5: vs baseline mu=2.0 (exhausted_rounds),H8_mu,exhausted_rounds,>,30,0,2.1666666666666665,25.266666666666666,23.1,23.0,1.9360464514233553,11.931531902562147,10.661538461538463,22.433333333333334,23.766666666666666,9.999000099990002e-05,0.0015998400159984002,1.5820715270325305e-06,False,True
H8,H8 N=500 mu=0.5: vs baseline mu=2.0 (coord_template_refresh_count),H8_mu,coord_template_refresh_count,>,30,0,2.1666666666666665,25.266666666666666,23.1,23.0,1.9360464514233553,11.931531902562147,10.661538461538463,22.433333333333334,23.766666666666666,9.999000099990002e-05,0.0015998400159984002,1.5820715270325305e-06,False,True
H8,H8 N=500 mu=0.5: vs baseline mu=2.0 (template_generations),H8_mu,template_generations,>,30,0,20.766666666666666,42.7,21.933333333333334,22.0,3.128658777675577,7.010458759465168,1.056179775280899,20.86583333333334,23.066666666666666,9.999000099990002e-05,0.0015998400159984002,1.6805458207281375e-06,False,True
H8,H8 N=500 mu=0.5: vs baseline mu=2.0 (effective_block_interval_s),H8_mu,effective_block_interval_s,>,30,0,593.5958281260475,643.7091795373528,50.113351411305366,43.6507936507937,188.13820317903773,0.2663645690482972,0.0844233551463977,-15.662821187302953,116.6031536518226,0.15658434156584342,0.6263373662633737,0.1753935456315695,False,True
